CREATE proc [dbo].[up_SetDefaultData]
as
Begin
/****** Object:  Table [dbo].[Roles]    Script Date: 01/20/2021 14:48:58 ******/
if not exists (select 1 from Roles)
begin

SET IDENTITY_INSERT [dbo].[Roles] ON
INSERT [dbo].[Roles] ([RoleID], [RoleNo], [RoleName], [fkBranchID], [IsActive], [CreateBy], [CreateDate], [ModifyBy], [ModifyDate]) VALUES (1, 1, N'Admin', 1, N'Active', NULL, CAST(0x0000A4430094F6C5 AS DateTime), NULL, NULL)
INSERT [dbo].[Roles] ([RoleID], [RoleNo], [RoleName], [fkBranchID], [IsActive], [CreateBy], [CreateDate], [ModifyBy], [ModifyDate]) VALUES (2, 2, N'Operator', 1, N'Active', NULL, CAST(0x0000A44300950A99 AS DateTime), NULL, NULL)
SET IDENTITY_INSERT [dbo].[Roles] OFF
/****** Object:  Table [dbo].[NarMaster]    Script Date: 01/20/2021 14:48:58 ******/
/****** Object:  Table [dbo].[ItemUnits]    Script Date: 01/20/2021 14:48:58 ******/
SET IDENTITY_INSERT [dbo].[ItemUnits] ON
INSERT [dbo].[ItemUnits] ([ItemUnitID], [ItemUnitNo], [ItemUnit], [ItemUnitHindi], [RateOfUnitinKGS], [PercentComission], [WeightCuttingPerUnit], [HammaliPerUnit], [TulaiPerUnit], [KhadiKariPerUnit], [WeightCuttingPerUnit1], [HammaliPerUnit1], [TulaiPerUnit1], [KhadiKariPerUnit1], [WeightCuttingPerUnit2], [HammaliPerUnit2], [TulaiPerUnit2], [KhadiKariPerUnit2], [WeightCuttingPerUnit4], [HammaliPerUnit4], [TulaiPerUnit4], [KhadiKariPerUnit4], [fkBranchID], [IsActive], [CreateBy], [CreateDate], [ModifyBy], [ModifyDate]) VALUES (1, 0, N'PANNI', N'', 0, CAST(0.00 AS Decimal(10, 2)), CAST(0.00 AS Decimal(10, 2)), CAST(3.00 AS Decimal(10, 2)), CAST(2.00 AS Decimal(10, 2)), CAST(0.00 AS Decimal(10, 2)), CAST(0.00 AS Decimal(10, 2)), CAST(0.00 AS Decimal(10, 2)), CAST(0.00 AS Decimal(10, 2)), CAST(0.00 AS Decimal(10, 2)), CAST(0.00 AS Decimal(10, 2)), CAST(0.00 AS Decimal(10, 2)), CAST(0.00 AS Decimal(10, 2)), CAST(0.00 AS Decimal(10, 2)), CAST(0.00 AS Decimal(10, 2)), CAST(5.00 AS Decimal(10, 2)), CAST(0.00 AS Decimal(10, 2)), CAST(0.00 AS Decimal(10, 2)), 0, N'', 0, CAST(0x0000A418017E0B59 AS DateTime), 0, CAST(0x0000A6B00156A112 AS DateTime))
INSERT [dbo].[ItemUnits] ([ItemUnitID], [ItemUnitNo], [ItemUnit], [ItemUnitHindi], [RateOfUnitinKGS], [PercentComission], [WeightCuttingPerUnit], [HammaliPerUnit], [TulaiPerUnit], [KhadiKariPerUnit], [WeightCuttingPerUnit1], [HammaliPerUnit1], [TulaiPerUnit1], [KhadiKariPerUnit1], [WeightCuttingPerUnit2], [HammaliPerUnit2], [TulaiPerUnit2], [KhadiKariPerUnit2], [WeightCuttingPerUnit4], [HammaliPerUnit4], [TulaiPerUnit4], [KhadiKariPerUnit4], [fkBranchID], [IsActive], [CreateBy], [CreateDate], [ModifyBy], [ModifyDate]) VALUES (2, NULL, N'KATTA', NULL, NULL, NULL, CAST(1.00 AS Decimal(10, 2)), CAST(3.00 AS Decimal(10, 2)), CAST(2.00 AS Decimal(10, 2)), NULL, NULL, NULL, NULL, NULL, NULL, NULL, NULL, NULL, NULL, CAST(5.00 AS Decimal(10, 2)), NULL, NULL, NULL, N'Active', NULL, CAST(0x0000A418017E0B59 AS DateTime), NULL, NULL)
INSERT [dbo].[ItemUnits] ([ItemUnitID], [ItemUnitNo], [ItemUnit], [ItemUnitHindi], [RateOfUnitinKGS], [PercentComission], [WeightCuttingPerUnit], [HammaliPerUnit], [TulaiPerUnit], [KhadiKariPerUnit], [WeightCuttingPerUnit1], [HammaliPerUnit1], [TulaiPerUnit1], [KhadiKariPerUnit1], [WeightCuttingPerUnit2], [HammaliPerUnit2], [TulaiPerUnit2], [KhadiKariPerUnit2], [WeightCuttingPerUnit4], [HammaliPerUnit4], [TulaiPerUnit4], [KhadiKariPerUnit4], [fkBranchID], [IsActive], [CreateBy], [CreateDate], [ModifyBy], [ModifyDate]) VALUES (3, NULL, N'KERAT', NULL, NULL, NULL, CAST(0.00 AS Decimal(10, 2)), CAST(3.00 AS Decimal(10, 2)), CAST(2.00 AS Decimal(10, 2)), NULL, NULL, NULL, NULL, NULL, NULL, NULL, NULL, NULL, NULL, CAST(5.00 AS Decimal(10, 2)), NULL, NULL, NULL, N'Active', NULL, CAST(0x0000A418017E0B59 AS DateTime), NULL, NULL)
INSERT [dbo].[ItemUnits] ([ItemUnitID], [ItemUnitNo], [ItemUnit], [ItemUnitHindi], [RateOfUnitinKGS], [PercentComission], [WeightCuttingPerUnit], [HammaliPerUnit], [TulaiPerUnit], [KhadiKariPerUnit], [WeightCuttingPerUnit1], [HammaliPerUnit1], [TulaiPerUnit1], [KhadiKariPerUnit1], [WeightCuttingPerUnit2], [HammaliPerUnit2], [TulaiPerUnit2], [KhadiKariPerUnit2], [WeightCuttingPerUnit4], [HammaliPerUnit4], [TulaiPerUnit4], [KhadiKariPerUnit4], [fkBranchID], [IsActive], [CreateBy], [CreateDate], [ModifyBy], [ModifyDate]) VALUES (4, NULL, N'PALLE', NULL, NULL, NULL, CAST(0.00 AS Decimal(10, 2)), CAST(3.00 AS Decimal(10, 2)), CAST(2.00 AS Decimal(10, 2)), NULL, NULL, NULL, NULL, NULL, NULL, NULL, NULL, NULL, NULL, CAST(5.00 AS Decimal(10, 2)), NULL, NULL, NULL, N'Active', NULL, CAST(0x0000A418017E0B59 AS DateTime), NULL, NULL)
INSERT [dbo].[ItemUnits] ([ItemUnitID], [ItemUnitNo], [ItemUnit], [ItemUnitHindi], [RateOfUnitinKGS], [PercentComission], [WeightCuttingPerUnit], [HammaliPerUnit], [TulaiPerUnit], [KhadiKariPerUnit], [WeightCuttingPerUnit1], [HammaliPerUnit1], [TulaiPerUnit1], [KhadiKariPerUnit1], [WeightCuttingPerUnit2], [HammaliPerUnit2], [TulaiPerUnit2], [KhadiKariPerUnit2], [WeightCuttingPerUnit4], [HammaliPerUnit4], [TulaiPerUnit4], [KhadiKariPerUnit4], [fkBranchID], [IsActive], [CreateBy], [CreateDate], [ModifyBy], [ModifyDate]) VALUES (5, NULL, N'BOKS', NULL, NULL, NULL, CAST(1.00 AS Decimal(10, 2)), CAST(3.00 AS Decimal(10, 2)), CAST(2.00 AS Decimal(10, 2)), NULL, NULL, NULL, NULL, NULL, NULL, NULL, NULL, NULL, NULL, CAST(5.00 AS Decimal(10, 2)), NULL, NULL, NULL, N'Active', NULL, CAST(0x0000A418017E0B59 AS DateTime), NULL, NULL)
INSERT [dbo].[ItemUnits] ([ItemUnitID], [ItemUnitNo], [ItemUnit], [ItemUnitHindi], [RateOfUnitinKGS], [PercentComission], [WeightCuttingPerUnit], [HammaliPerUnit], [TulaiPerUnit], [KhadiKariPerUnit], [WeightCuttingPerUnit1], [HammaliPerUnit1], [TulaiPerUnit1], [KhadiKariPerUnit1], [WeightCuttingPerUnit2], [HammaliPerUnit2], [TulaiPerUnit2], [KhadiKariPerUnit2], [WeightCuttingPerUnit4], [HammaliPerUnit4], [TulaiPerUnit4], [KhadiKariPerUnit4], [fkBranchID], [IsActive], [CreateBy], [CreateDate], [ModifyBy], [ModifyDate]) VALUES (6, 0, N'BORI', N'', 0, CAST(0.00 AS Decimal(10, 2)), CAST(0.00 AS Decimal(10, 2)), CAST(3.00 AS Decimal(10, 2)), CAST(2.00 AS Decimal(10, 2)), CAST(0.00 AS Decimal(10, 2)), CAST(0.00 AS Decimal(10, 2)), CAST(0.00 AS Decimal(10, 2)), CAST(0.00 AS Decimal(10, 2)), CAST(0.00 AS Decimal(10, 2)), CAST(0.00 AS Decimal(10, 2)), CAST(0.00 AS Decimal(10, 2)), CAST(0.00 AS Decimal(10, 2)), CAST(0.00 AS Decimal(10, 2)), CAST(0.00 AS Decimal(10, 2)), CAST(5.00 AS Decimal(10, 2)), CAST(0.00 AS Decimal(10, 2)), CAST(0.00 AS Decimal(10, 2)), 0, N'', 0, CAST(0x0000A418017E0B59 AS DateTime), 0, CAST(0x0000ACB501773F21 AS DateTime))
INSERT [dbo].[ItemUnits] ([ItemUnitID], [ItemUnitNo], [ItemUnit], [ItemUnitHindi], [RateOfUnitinKGS], [PercentComission], [WeightCuttingPerUnit], [HammaliPerUnit], [TulaiPerUnit], [KhadiKariPerUnit], [WeightCuttingPerUnit1], [HammaliPerUnit1], [TulaiPerUnit1], [KhadiKariPerUnit1], [WeightCuttingPerUnit2], [HammaliPerUnit2], [TulaiPerUnit2], [KhadiKariPerUnit2], [WeightCuttingPerUnit4], [HammaliPerUnit4], [TulaiPerUnit4], [KhadiKariPerUnit4], [fkBranchID], [IsActive], [CreateBy], [CreateDate], [ModifyBy], [ModifyDate]) VALUES (8, 0, N'0KATTA ', N'', 0, CAST(0.00 AS Decimal(10, 2)), CAST(0.00 AS Decimal(10, 2)), CAST(3.00 AS Decimal(10, 2)), CAST(2.00 AS Decimal(10, 2)), CAST(0.00 AS Decimal(10, 2)), CAST(0.00 AS Decimal(10, 2)), CAST(0.00 AS Decimal(10, 2)), CAST(0.00 AS Decimal(10, 2)), CAST(0.00 AS Decimal(10, 2)), CAST(0.00 AS Decimal(10, 2)), CAST(0.00 AS Decimal(10, 2)), CAST(0.00 AS Decimal(10, 2)), CAST(0.00 AS Decimal(10, 2)), CAST(0.00 AS Decimal(10, 2)), CAST(5.00 AS Decimal(10, 2)), CAST(0.00 AS Decimal(10, 2)), CAST(0.00 AS Decimal(10, 2)), 0, N'', 0, CAST(0x0000A4470173F3C9 AS DateTime), 0, CAST(0x0000A4900112317D AS DateTime))
INSERT [dbo].[ItemUnits] ([ItemUnitID], [ItemUnitNo], [ItemUnit], [ItemUnitHindi], [RateOfUnitinKGS], [PercentComission], [WeightCuttingPerUnit], [HammaliPerUnit], [TulaiPerUnit], [KhadiKariPerUnit], [WeightCuttingPerUnit1], [HammaliPerUnit1], [TulaiPerUnit1], [KhadiKariPerUnit1], [WeightCuttingPerUnit2], [HammaliPerUnit2], [TulaiPerUnit2], [KhadiKariPerUnit2], [WeightCuttingPerUnit4], [HammaliPerUnit4], [TulaiPerUnit4], [KhadiKariPerUnit4], [fkBranchID], [IsActive], [CreateBy], [CreateDate], [ModifyBy], [ModifyDate]) VALUES (9, 0, N'2KATTA ', N'', 0, CAST(0.00 AS Decimal(10, 2)), CAST(2.00 AS Decimal(10, 2)), CAST(3.00 AS Decimal(10, 2)), CAST(2.00 AS Decimal(10, 2)), CAST(0.00 AS Decimal(10, 2)), CAST(0.00 AS Decimal(10, 2)), CAST(0.00 AS Decimal(10, 2)), CAST(0.00 AS Decimal(10, 2)), CAST(0.00 AS Decimal(10, 2)), CAST(0.00 AS Decimal(10, 2)), CAST(0.00 AS Decimal(10, 2)), CAST(0.00 AS Decimal(10, 2)), CAST(0.00 AS Decimal(10, 2)), CAST(0.00 AS Decimal(10, 2)), CAST(5.00 AS Decimal(10, 2)), CAST(0.00 AS Decimal(10, 2)), CAST(0.00 AS Decimal(10, 2)), 0, N'', 0, CAST(0x0000A4610175B580 AS DateTime), 0, CAST(0x0000A490011261A9 AS DateTime))
SET IDENTITY_INSERT [dbo].[ItemUnits] OFF
/****** Object:  Table [dbo].[ItemTypes]    Script Date: 01/20/2021 14:48:58 ******/
SET IDENTITY_INSERT [dbo].[ItemTypes] ON
INSERT [dbo].[ItemTypes] ([ItemTypeID], [ItemTypeNo], [ItemName], [ItemNameHindi], [RateOfUnitinKGS], [PercentComission], [fkBranchID], [IsActive], [CreateBy], [CreateDate], [ModifyBy], [ModifyDate]) VALUES (1, 0, N'TAR KAKDI', N'', 1, CAST(0.00 AS Decimal(10, 2)), 0, N'1', 0, CAST(0x0000A418017D398C AS DateTime), 0, CAST(0x0000A6E2009FB8DA AS DateTime))
INSERT [dbo].[ItemTypes] ([ItemTypeID], [ItemTypeNo], [ItemName], [ItemNameHindi], [RateOfUnitinKGS], [PercentComission], [fkBranchID], [IsActive], [CreateBy], [CreateDate], [ModifyBy], [ModifyDate]) VALUES (2, NULL, N'TARKAKDI', NULL, 1, CAST(0.00 AS Decimal(10, 2)), NULL, N'Active', NULL, CAST(0x0000A418017D398C AS DateTime), NULL, NULL)
INSERT [dbo].[ItemTypes] ([ItemTypeID], [ItemTypeNo], [ItemName], [ItemNameHindi], [RateOfUnitinKGS], [PercentComission], [fkBranchID], [IsActive], [CreateBy], [CreateDate], [ModifyBy], [ModifyDate]) VALUES (3, NULL, N'RATALU', NULL, 1, CAST(0.00 AS Decimal(10, 2)), NULL, N'Active', NULL, CAST(0x0000A418017D398C AS DateTime), NULL, NULL)
INSERT [dbo].[ItemTypes] ([ItemTypeID], [ItemTypeNo], [ItemName], [ItemNameHindi], [RateOfUnitinKGS], [PercentComission], [fkBranchID], [IsActive], [CreateBy], [CreateDate], [ModifyBy], [ModifyDate]) VALUES (4, NULL, N'PYAJ', NULL, 1, CAST(0.00 AS Decimal(10, 2)), NULL, N'Active', NULL, CAST(0x0000A418017D398C AS DateTime), NULL, NULL)
INSERT [dbo].[ItemTypes] ([ItemTypeID], [ItemTypeNo], [ItemName], [ItemNameHindi], [RateOfUnitinKGS], [PercentComission], [fkBranchID], [IsActive], [CreateBy], [CreateDate], [ModifyBy], [ModifyDate]) VALUES (5, 0, N'DHANIYA', N'', 1, CAST(0.00 AS Decimal(10, 2)), 0, N'1', 0, CAST(0x0000A418017D398C AS DateTime), 0, CAST(0x0000A461017C3F15 AS DateTime))
INSERT [dbo].[ItemTypes] ([ItemTypeID], [ItemTypeNo], [ItemName], [ItemNameHindi], [RateOfUnitinKGS], [PercentComission], [fkBranchID], [IsActive], [CreateBy], [CreateDate], [ModifyBy], [ModifyDate]) VALUES (6, NULL, N'PIKADOR', NULL, 1, CAST(0.00 AS Decimal(10, 2)), NULL, N'Active', NULL, CAST(0x0000A418017D398C AS DateTime), NULL, NULL)
INSERT [dbo].[ItemTypes] ([ItemTypeID], [ItemTypeNo], [ItemName], [ItemNameHindi], [RateOfUnitinKGS], [PercentComission], [fkBranchID], [IsActive], [CreateBy], [CreateDate], [ModifyBy], [ModifyDate]) VALUES (7, NULL, N'KIKODA', NULL, 1, CAST(0.00 AS Decimal(10, 2)), NULL, N'Active', NULL, CAST(0x0000A418017D398C AS DateTime), NULL, NULL)
INSERT [dbo].[ItemTypes] ([ItemTypeID], [ItemTypeNo], [ItemName], [ItemNameHindi], [RateOfUnitinKGS], [PercentComission], [fkBranchID], [IsActive], [CreateBy], [CreateDate], [ModifyBy], [ModifyDate]) VALUES (8, NULL, N'BHUTTA', NULL, 1, CAST(0.00 AS Decimal(10, 2)), NULL, N'Active', NULL, CAST(0x0000A418017D398C AS DateTime), NULL, NULL)
INSERT [dbo].[ItemTypes] ([ItemTypeID], [ItemTypeNo], [ItemName], [ItemNameHindi], [RateOfUnitinKGS], [PercentComission], [fkBranchID], [IsActive], [CreateBy], [CreateDate], [ModifyBy], [ModifyDate]) VALUES (9, NULL, N'KARONDA', NULL, 1, CAST(0.00 AS Decimal(10, 2)), NULL, N'Active', NULL, CAST(0x0000A418017D398C AS DateTime), NULL, NULL)
INSERT [dbo].[ItemTypes] ([ItemTypeID], [ItemTypeNo], [ItemName], [ItemNameHindi], [RateOfUnitinKGS], [PercentComission], [fkBranchID], [IsActive], [CreateBy], [CreateDate], [ModifyBy], [ModifyDate]) VALUES (10, NULL, N'GREEN PYAJ', NULL, 1, CAST(0.00 AS Decimal(10, 2)), NULL, N'Active', NULL, CAST(0x0000A418017D398C AS DateTime), NULL, NULL)
INSERT [dbo].[ItemTypes] ([ItemTypeID], [ItemTypeNo], [ItemName], [ItemNameHindi], [RateOfUnitinKGS], [PercentComission], [fkBranchID], [IsActive], [CreateBy], [CreateDate], [ModifyBy], [ModifyDate]) VALUES (11, NULL, N'HARE CHOD', NULL, 1, CAST(0.00 AS Decimal(10, 2)), NULL, N'Active', NULL, CAST(0x0000A418017D398C AS DateTime), NULL, NULL)
INSERT [dbo].[ItemTypes] ([ItemTypeID], [ItemTypeNo], [ItemName], [ItemNameHindi], [RateOfUnitinKGS], [PercentComission], [fkBranchID], [IsActive], [CreateBy], [CreateDate], [ModifyBy], [ModifyDate]) VALUES (12, NULL, N'FULLGOBHI', NULL, 1, CAST(0.00 AS Decimal(10, 2)), NULL, N'Active', NULL, CAST(0x0000A418017D398C AS DateTime), NULL, NULL)
INSERT [dbo].[ItemTypes] ([ItemTypeID], [ItemTypeNo], [ItemName], [ItemNameHindi], [RateOfUnitinKGS], [PercentComission], [fkBranchID], [IsActive], [CreateBy], [CreateDate], [ModifyBy], [ModifyDate]) VALUES (13, NULL, N'ALOO', NULL, 1, CAST(0.00 AS Decimal(10, 2)), NULL, N'Active', NULL, CAST(0x0000A418017D398C AS DateTime), NULL, NULL)
INSERT [dbo].[ItemTypes] ([ItemTypeID], [ItemTypeNo], [ItemName], [ItemNameHindi], [RateOfUnitinKGS], [PercentComission], [fkBranchID], [IsActive], [CreateBy], [CreateDate], [ModifyBy], [ModifyDate]) VALUES (14, 0, N'MATAR', N'', 1, CAST(0.00 AS Decimal(10, 2)), 0, N'1', 0, CAST(0x0000A45600000000 AS DateTime), 0, CAST(0x0000A45600000000 AS DateTime))
INSERT [dbo].[ItemTypes] ([ItemTypeID], [ItemTypeNo], [ItemName], [ItemNameHindi], [RateOfUnitinKGS], [PercentComission], [fkBranchID], [IsActive], [CreateBy], [CreateDate], [ModifyBy], [ModifyDate]) VALUES (15, NULL, N'ADRAK', NULL, 1, CAST(0.00 AS Decimal(10, 2)), NULL, N'Active', NULL, CAST(0x0000A418017D398C AS DateTime), NULL, NULL)
INSERT [dbo].[ItemTypes] ([ItemTypeID], [ItemTypeNo], [ItemName], [ItemNameHindi], [RateOfUnitinKGS], [PercentComission], [fkBranchID], [IsActive], [CreateBy], [CreateDate], [ModifyBy], [ModifyDate]) VALUES (16, NULL, N'MIRCHI', NULL, 1, CAST(0.00 AS Decimal(10, 2)), NULL, N'Active', NULL, CAST(0x0000A418017D398C AS DateTime), NULL, NULL)
INSERT [dbo].[ItemTypes] ([ItemTypeID], [ItemTypeNo], [ItemName], [ItemNameHindi], [RateOfUnitinKGS], [PercentComission], [fkBranchID], [IsActive], [CreateBy], [CreateDate], [ModifyBy], [ModifyDate]) VALUES (17, 0, N'LASSAN', N'', 1, CAST(0.00 AS Decimal(10, 2)), 0, N'1', 0, CAST(0x0000A418017D398C AS DateTime), 0, CAST(0x0000A4730073E353 AS DateTime))
INSERT [dbo].[ItemTypes] ([ItemTypeID], [ItemTypeNo], [ItemName], [ItemNameHindi], [RateOfUnitinKGS], [PercentComission], [fkBranchID], [IsActive], [CreateBy], [CreateDate], [ModifyBy], [ModifyDate]) VALUES (18, NULL, N'PILI MIRCHI', NULL, 1, CAST(0.00 AS Decimal(10, 2)), NULL, N'Active', NULL, CAST(0x0000A418017D398C AS DateTime), NULL, NULL)
INSERT [dbo].[ItemTypes] ([ItemTypeID], [ItemTypeNo], [ItemName], [ItemNameHindi], [RateOfUnitinKGS], [PercentComission], [fkBranchID], [IsActive], [CreateBy], [CreateDate], [ModifyBy], [ModifyDate]) VALUES (19, NULL, N'KARELA', NULL, 1, CAST(0.00 AS Decimal(10, 2)), NULL, N'Active', NULL, CAST(0x0000A418017D398C AS DateTime), NULL, NULL)
INSERT [dbo].[ItemTypes] ([ItemTypeID], [ItemTypeNo], [ItemName], [ItemNameHindi], [RateOfUnitinKGS], [PercentComission], [fkBranchID], [IsActive], [CreateBy], [CreateDate], [ModifyBy], [ModifyDate]) VALUES (20, NULL, N'ARBI', NULL, 1, CAST(0.00 AS Decimal(10, 2)), NULL, N'Active', NULL, CAST(0x0000A418017D398C AS DateTime), NULL, NULL)
INSERT [dbo].[ItemTypes] ([ItemTypeID], [ItemTypeNo], [ItemName], [ItemNameHindi], [RateOfUnitinKGS], [PercentComission], [fkBranchID], [IsActive], [CreateBy], [CreateDate], [ModifyBy], [ModifyDate]) VALUES (21, NULL, N'METHI', NULL, 1, CAST(0.00 AS Decimal(10, 2)), NULL, N'Active', NULL, CAST(0x0000A418017D398C AS DateTime), NULL, NULL)
INSERT [dbo].[ItemTypes] ([ItemTypeID], [ItemTypeNo], [ItemName], [ItemNameHindi], [RateOfUnitinKGS], [PercentComission], [fkBranchID], [IsActive], [CreateBy], [CreateDate], [ModifyBy], [ModifyDate]) VALUES (22, NULL, N'KERI', NULL, 1, CAST(0.00 AS Decimal(10, 2)), NULL, N'Active', NULL, CAST(0x0000A418017D398C AS DateTime), NULL, NULL)
INSERT [dbo].[ItemTypes] ([ItemTypeID], [ItemTypeNo], [ItemName], [ItemNameHindi], [RateOfUnitinKGS], [PercentComission], [fkBranchID], [IsActive], [CreateBy], [CreateDate], [ModifyBy], [ModifyDate]) VALUES (23, NULL, N'CHAVLA', NULL, 1, CAST(0.00 AS Decimal(10, 2)), NULL, N'Active', NULL, CAST(0x0000A418017D398C AS DateTime), NULL, NULL)
INSERT [dbo].[ItemTypes] ([ItemTypeID], [ItemTypeNo], [ItemName], [ItemNameHindi], [RateOfUnitinKGS], [PercentComission], [fkBranchID], [IsActive], [CreateBy], [CreateDate], [ModifyBy], [ModifyDate]) VALUES (24, NULL, N'GAJAR', NULL, 1, CAST(0.00 AS Decimal(10, 2)), NULL, N'Active', NULL, CAST(0x0000A418017D398C AS DateTime), NULL, NULL)
INSERT [dbo].[ItemTypes] ([ItemTypeID], [ItemTypeNo], [ItemName], [ItemNameHindi], [RateOfUnitinKGS], [PercentComission], [fkBranchID], [IsActive], [CreateBy], [CreateDate], [ModifyBy], [ModifyDate]) VALUES (25, NULL, N'HARI MIRCH', NULL, 1, CAST(0.00 AS Decimal(10, 2)), NULL, N'Active', NULL, CAST(0x0000A418017D398C AS DateTime), NULL, NULL)
INSERT [dbo].[ItemTypes] ([ItemTypeID], [ItemTypeNo], [ItemName], [ItemNameHindi], [RateOfUnitinKGS], [PercentComission], [fkBranchID], [IsActive], [CreateBy], [CreateDate], [ModifyBy], [ModifyDate]) VALUES (26, NULL, N'PATTA GOBHI', NULL, 1, CAST(0.00 AS Decimal(10, 2)), NULL, N'Active', NULL, CAST(0x0000A418017D398C AS DateTime), NULL, NULL)
INSERT [dbo].[ItemTypes] ([ItemTypeID], [ItemTypeNo], [ItemName], [ItemNameHindi], [RateOfUnitinKGS], [PercentComission], [fkBranchID], [IsActive], [CreateBy], [CreateDate], [ModifyBy], [ModifyDate]) VALUES (27, NULL, N'MULI', NULL, 1, CAST(0.00 AS Decimal(10, 2)), NULL, N'Active', NULL, CAST(0x0000A418017D398C AS DateTime), NULL, NULL)
INSERT [dbo].[ItemTypes] ([ItemTypeID], [ItemTypeNo], [ItemName], [ItemNameHindi], [RateOfUnitinKGS], [PercentComission], [fkBranchID], [IsActive], [CreateBy], [CreateDate], [ModifyBy], [ModifyDate]) VALUES (28, NULL, N'KATTAR', NULL, 1, CAST(0.00 AS Decimal(10, 2)), NULL, N'Active', NULL, CAST(0x0000A418017D398C AS DateTime), NULL, NULL)
INSERT [dbo].[ItemTypes] ([ItemTypeID], [ItemTypeNo], [ItemName], [ItemNameHindi], [RateOfUnitinKGS], [PercentComission], [fkBranchID], [IsActive], [CreateBy], [CreateDate], [ModifyBy], [ModifyDate]) VALUES (29, NULL, N'KHIRA KAKDI', NULL, 1, CAST(0.00 AS Decimal(10, 2)), NULL, N'Active', NULL, CAST(0x0000A418017D398C AS DateTime), NULL, NULL)
INSERT [dbo].[ItemTypes] ([ItemTypeID], [ItemTypeNo], [ItemName], [ItemNameHindi], [RateOfUnitinKGS], [PercentComission], [fkBranchID], [IsActive], [CreateBy], [CreateDate], [ModifyBy], [ModifyDate]) VALUES (30, NULL, N'LOKI', NULL, 1, CAST(0.00 AS Decimal(10, 2)), NULL, N'Active', NULL, CAST(0x0000A418017D398C AS DateTime), NULL, NULL)
INSERT [dbo].[ItemTypes] ([ItemTypeID], [ItemTypeNo], [ItemName], [ItemNameHindi], [RateOfUnitinKGS], [PercentComission], [fkBranchID], [IsActive], [CreateBy], [CreateDate], [ModifyBy], [ModifyDate]) VALUES (31, NULL, N'SHIMLA', NULL, 1, CAST(0.00 AS Decimal(10, 2)), NULL, N'Active', NULL, CAST(0x0000A418017D398C AS DateTime), NULL, NULL)
INSERT [dbo].[ItemTypes] ([ItemTypeID], [ItemTypeNo], [ItemName], [ItemNameHindi], [RateOfUnitinKGS], [PercentComission], [fkBranchID], [IsActive], [CreateBy], [CreateDate], [ModifyBy], [ModifyDate]) VALUES (32, NULL, N'GILKI', NULL, 1, CAST(0.00 AS Decimal(10, 2)), NULL, N'Active', NULL, CAST(0x0000A418017D398C AS DateTime), NULL, NULL)
INSERT [dbo].[ItemTypes] ([ItemTypeID], [ItemTypeNo], [ItemName], [ItemNameHindi], [RateOfUnitinKGS], [PercentComission], [fkBranchID], [IsActive], [CreateBy], [CreateDate], [ModifyBy], [ModifyDate]) VALUES (33, NULL, N'TURAI', NULL, 1, CAST(0.00 AS Decimal(10, 2)), NULL, N'Active', NULL, CAST(0x0000A418017D398C AS DateTime), NULL, NULL)
INSERT [dbo].[ItemTypes] ([ItemTypeID], [ItemTypeNo], [ItemName], [ItemNameHindi], [RateOfUnitinKGS], [PercentComission], [fkBranchID], [IsActive], [CreateBy], [CreateDate], [ModifyBy], [ModifyDate]) VALUES (34, NULL, N'KADDU', NULL, 1, CAST(0.00 AS Decimal(10, 2)), NULL, N'Active', NULL, CAST(0x0000A418017D398C AS DateTime), NULL, NULL)
INSERT [dbo].[ItemTypes] ([ItemTypeID], [ItemTypeNo], [ItemName], [ItemNameHindi], [RateOfUnitinKGS], [PercentComission], [fkBranchID], [IsActive], [CreateBy], [CreateDate], [ModifyBy], [ModifyDate]) VALUES (35, NULL, N'TENSI', NULL, 1, CAST(0.00 AS Decimal(10, 2)), NULL, N'Active', NULL, CAST(0x0000A418017D398C AS DateTime), NULL, NULL)
INSERT [dbo].[ItemTypes] ([ItemTypeID], [ItemTypeNo], [ItemName], [ItemNameHindi], [RateOfUnitinKGS], [PercentComission], [fkBranchID], [IsActive], [CreateBy], [CreateDate], [ModifyBy], [ModifyDate]) VALUES (36, NULL, N'PARMAL', NULL, 1, CAST(0.00 AS Decimal(10, 2)), NULL, N'Active', NULL, CAST(0x0000A418017D398C AS DateTime), NULL, NULL)
INSERT [dbo].[ItemTypes] ([ItemTypeID], [ItemTypeNo], [ItemName], [ItemNameHindi], [RateOfUnitinKGS], [PercentComission], [fkBranchID], [IsActive], [CreateBy], [CreateDate], [ModifyBy], [ModifyDate]) VALUES (37, NULL, N'TAMATER', NULL, 1, CAST(0.00 AS Decimal(10, 2)), NULL, N'Active', NULL, CAST(0x0000A418017D398C AS DateTime), NULL, NULL)
INSERT [dbo].[ItemTypes] ([ItemTypeID], [ItemTypeNo], [ItemName], [ItemNameHindi], [RateOfUnitinKGS], [PercentComission], [fkBranchID], [IsActive], [CreateBy], [CreateDate], [ModifyBy], [ModifyDate]) VALUES (38, NULL, N'NIBBU', NULL, 1, CAST(0.00 AS Decimal(10, 2)), NULL, N'Active', NULL, CAST(0x0000A418017D398C AS DateTime), NULL, NULL)
INSERT [dbo].[ItemTypes] ([ItemTypeID], [ItemTypeNo], [ItemName], [ItemNameHindi], [RateOfUnitinKGS], [PercentComission], [fkBranchID], [IsActive], [CreateBy], [CreateDate], [ModifyBy], [ModifyDate]) VALUES (39, NULL, N'IMLI', NULL, 1, CAST(0.00 AS Decimal(10, 2)), NULL, N'Active', NULL, CAST(0x0000A418017D398C AS DateTime), NULL, NULL)
INSERT [dbo].[ItemTypes] ([ItemTypeID], [ItemTypeNo], [ItemName], [ItemNameHindi], [RateOfUnitinKGS], [PercentComission], [fkBranchID], [IsActive], [CreateBy], [CreateDate], [ModifyBy], [ModifyDate]) VALUES (40, NULL, N'GAVAR FALI', NULL, 1, CAST(0.00 AS Decimal(10, 2)), NULL, N'Active', NULL, CAST(0x0000A418017D398C AS DateTime), NULL, NULL)
INSERT [dbo].[ItemTypes] ([ItemTypeID], [ItemTypeNo], [ItemName], [ItemNameHindi], [RateOfUnitinKGS], [PercentComission], [fkBranchID], [IsActive], [CreateBy], [CreateDate], [ModifyBy], [ModifyDate]) VALUES (41, NULL, N'PHOOL GOBHI', NULL, 1, CAST(0.00 AS Decimal(10, 2)), NULL, N'Active', NULL, CAST(0x0000A418017D398C AS DateTime), NULL, NULL)
INSERT [dbo].[ItemTypes] ([ItemTypeID], [ItemTypeNo], [ItemName], [ItemNameHindi], [RateOfUnitinKGS], [PercentComission], [fkBranchID], [IsActive], [CreateBy], [CreateDate], [ModifyBy], [ModifyDate]) VALUES (42, NULL, N'RET KAKDI', NULL, 1, CAST(0.00 AS Decimal(10, 2)), NULL, N'Active', NULL, CAST(0x0000A418017D398C AS DateTime), NULL, NULL)
INSERT [dbo].[ItemTypes] ([ItemTypeID], [ItemTypeNo], [ItemName], [ItemNameHindi], [RateOfUnitinKGS], [PercentComission], [fkBranchID], [IsActive], [CreateBy], [CreateDate], [ModifyBy], [ModifyDate]) VALUES (43, NULL, N'BHINDI', NULL, 1, CAST(0.00 AS Decimal(10, 2)), NULL, N'Active', NULL, CAST(0x0000A418017D398C AS DateTime), NULL, NULL)
INSERT [dbo].[ItemTypes] ([ItemTypeID], [ItemTypeNo], [ItemName], [ItemNameHindi], [RateOfUnitinKGS], [PercentComission], [fkBranchID], [IsActive], [CreateBy], [CreateDate], [ModifyBy], [ModifyDate]) VALUES (44, NULL, N'PALAK', NULL, 1, CAST(0.00 AS Decimal(10, 2)), NULL, N'Active', NULL, CAST(0x0000A418017D398C AS DateTime), NULL, NULL)
INSERT [dbo].[ItemTypes] ([ItemTypeID], [ItemTypeNo], [ItemName], [ItemNameHindi], [RateOfUnitinKGS], [PercentComission], [fkBranchID], [IsActive], [CreateBy], [CreateDate], [ModifyBy], [ModifyDate]) VALUES (45, NULL, N'KACHE KELE ', NULL, 1, CAST(0.00 AS Decimal(10, 2)), NULL, N'Active', NULL, CAST(0x0000A418017D398C AS DateTime), NULL, NULL)
INSERT [dbo].[ItemTypes] ([ItemTypeID], [ItemTypeNo], [ItemName], [ItemNameHindi], [RateOfUnitinKGS], [PercentComission], [fkBranchID], [IsActive], [CreateBy], [CreateDate], [ModifyBy], [ModifyDate]) VALUES (46, NULL, N'BEGAN', NULL, 1, CAST(0.00 AS Decimal(10, 2)), NULL, N'Active', NULL, CAST(0x0000A418017D398C AS DateTime), NULL, NULL)
INSERT [dbo].[ItemTypes] ([ItemTypeID], [ItemTypeNo], [ItemName], [ItemNameHindi], [RateOfUnitinKGS], [PercentComission], [fkBranchID], [IsActive], [CreateBy], [CreateDate], [ModifyBy], [ModifyDate]) VALUES (47, NULL, N'SURJANA FALI', NULL, 1, CAST(0.00 AS Decimal(10, 2)), NULL, N'Active', NULL, CAST(0x0000A418017D398C AS DateTime), NULL, NULL)
SET IDENTITY_INSERT [dbo].[ItemTypes] OFF
/****** Object:  Table [dbo].[ExpMaster]    Script Date: 01/20/2021 14:48:58 ******/
/****** Object:  Table [dbo].[Configurations]    Script Date: 01/20/2021 14:48:58 ******/
SET IDENTITY_INSERT [dbo].[Configurations] ON
INSERT [dbo].[Configurations] ([ConfigurationID], [ConfigurationNo], [CompanyAccountID], [HammaliAccountID], [PurchaseCommission], [SaleCommission], [RateParKiloGram], [Tax], [SevaSulk], [OtherCharges], [Hammali], [Tulai], [KhadiKarai], [Stationary], [OtherExp], [Other1], [Other2], [fkBranchID], [IsActive], [CreateBy], [CreateDate], [ModifyBy], [ModifyDate]) VALUES (1, 0, 21, 5, CAST(0.00 AS Decimal(10, 2)), CAST(6.00 AS Decimal(10, 2)), CAST(1.00 AS Decimal(10, 2)), CAST(0.00 AS Decimal(10, 2)), CAST(0.00 AS Decimal(10, 2)), CAST(0.00 AS Decimal(10, 2)), CAST(0.00 AS Decimal(10, 2)), CAST(0.00 AS Decimal(10, 2)), CAST(0.00 AS Decimal(10, 2)), CAST(0.00 AS Decimal(10, 2)), CAST(0.00 AS Decimal(10, 2)), CAST(1.00 AS Decimal(10, 2)), CAST(0.00 AS Decimal(10, 2)), 0, N'Active', NULL, CAST(0x0000A418018B4C39 AS DateTime), NULL, CAST(0x0000ACB6008CE8A8 AS DateTime))
SET IDENTITY_INSERT [dbo].[Configurations] OFF
/****** Object:  Table [dbo].[BranchMasters]    Script Date: 01/20/2021 14:48:58 ******/
/****** Object:  Table [dbo].[Admins]    Script Date: 01/20/2021 14:48:58 ******/
/****** Object:  Table [dbo].[AccountTypes]    Script Date: 01/20/2021 14:48:58 ******/
SET IDENTITY_INSERT [dbo].[AccountTypes] ON
INSERT [dbo].[AccountTypes] ([AccountTypeID], [AccountTypeNo], [AccountCode], [AccountTypeName], [AccountType], [AccountTypeDetail], [Comment], [SubHeadDetail], [IsBalanceKhata], [IsShowonPage], [fkBranchID], [IsActive], [CreateBy], [CreateDate], [ModifyBy], [ModifyDate]) VALUES (1, NULL, N'L1001', N'Capital A/c', N'L1001', N'', NULL, N'0', NULL, NULL, NULL, N'Active', NULL, CAST(0x0000A418009D0DCE AS DateTime), NULL, NULL)
INSERT [dbo].[AccountTypes] ([AccountTypeID], [AccountTypeNo], [AccountCode], [AccountTypeName], [AccountType], [AccountTypeDetail], [Comment], [SubHeadDetail], [IsBalanceKhata], [IsShowonPage], [fkBranchID], [IsActive], [CreateBy], [CreateDate], [ModifyBy], [ModifyDate]) VALUES (2, NULL, N'L1002', N'Reserves & Surplus', N'L1002', N'', NULL, N'0', NULL, NULL, NULL, N'Active', NULL, CAST(0x0000A418009D0DCE AS DateTime), NULL, NULL)
INSERT [dbo].[AccountTypes] ([AccountTypeID], [AccountTypeNo], [AccountCode], [AccountTypeName], [AccountType], [AccountTypeDetail], [Comment], [SubHeadDetail], [IsBalanceKhata], [IsShowonPage], [fkBranchID], [IsActive], [CreateBy], [CreateDate], [ModifyBy], [ModifyDate]) VALUES (3, NULL, N'L1003', N'Secured Loans', N'L1003', N'', NULL, N'0', NULL, NULL, NULL, N'Active', NULL, CAST(0x0000A418009D0DCE AS DateTime), NULL, NULL)
INSERT [dbo].[AccountTypes] ([AccountTypeID], [AccountTypeNo], [AccountCode], [AccountTypeName], [AccountType], [AccountTypeDetail], [Comment], [SubHeadDetail], [IsBalanceKhata], [IsShowonPage], [fkBranchID], [IsActive], [CreateBy], [CreateDate], [ModifyBy], [ModifyDate]) VALUES (4, NULL, N'L1004', N'Unsecured Loans', N'L1004', N'', NULL, N'0', NULL, NULL, NULL, N'Active', NULL, CAST(0x0000A418009D0DCE AS DateTime), NULL, NULL)
INSERT [dbo].[AccountTypes] ([AccountTypeID], [AccountTypeNo], [AccountCode], [AccountTypeName], [AccountType], [AccountTypeDetail], [Comment], [SubHeadDetail], [IsBalanceKhata], [IsShowonPage], [fkBranchID], [IsActive], [CreateBy], [CreateDate], [ModifyBy], [ModifyDate]) VALUES (5, NULL, N'L1005', N'Sundry Creditors', N'L1005', N'', NULL, N'1', NULL, NULL, NULL, N'Active', NULL, CAST(0x0000A418009D0DCE AS DateTime), NULL, NULL)
INSERT [dbo].[AccountTypes] ([AccountTypeID], [AccountTypeNo], [AccountCode], [AccountTypeName], [AccountType], [AccountTypeDetail], [Comment], [SubHeadDetail], [IsBalanceKhata], [IsShowonPage], [fkBranchID], [IsActive], [CreateBy], [CreateDate], [ModifyBy], [ModifyDate]) VALUES (6, NULL, N'L1006', N'Other Creditors', N'L1006', N'', NULL, N'0', NULL, NULL, NULL, N'Active', NULL, CAST(0x0000A418009D0DCE AS DateTime), NULL, NULL)
INSERT [dbo].[AccountTypes] ([AccountTypeID], [AccountTypeNo], [AccountCode], [AccountTypeName], [AccountType], [AccountTypeDetail], [Comment], [SubHeadDetail], [IsBalanceKhata], [IsShowonPage], [fkBranchID], [IsActive], [CreateBy], [CreateDate], [ModifyBy], [ModifyDate]) VALUES (7, NULL, N'L1007', N'Farmers', N'L1007', N'', NULL, N'1', NULL, NULL, NULL, N'Active', NULL, CAST(0x0000A418009D0DCE AS DateTime), NULL, NULL)
INSERT [dbo].[AccountTypes] ([AccountTypeID], [AccountTypeNo], [AccountCode], [AccountTypeName], [AccountType], [AccountTypeDetail], [Comment], [SubHeadDetail], [IsBalanceKhata], [IsShowonPage], [fkBranchID], [IsActive], [CreateBy], [CreateDate], [ModifyBy], [ModifyDate]) VALUES (8, NULL, N'A1001', N'Fixed Assets', N'A1001', N'', NULL, N'0', NULL, NULL, NULL, N'Active', NULL, CAST(0x0000A418009D0DCE AS DateTime), NULL, NULL)
INSERT [dbo].[AccountTypes] ([AccountTypeID], [AccountTypeNo], [AccountCode], [AccountTypeName], [AccountType], [AccountTypeDetail], [Comment], [SubHeadDetail], [IsBalanceKhata], [IsShowonPage], [fkBranchID], [IsActive], [CreateBy], [CreateDate], [ModifyBy], [ModifyDate]) VALUES (9, NULL, N'A1002', N'Investments', N'A1002', N'', NULL, N'0', NULL, NULL, NULL, N'Active', NULL, CAST(0x0000A418009D0DCE AS DateTime), NULL, NULL)
INSERT [dbo].[AccountTypes] ([AccountTypeID], [AccountTypeNo], [AccountCode], [AccountTypeName], [AccountType], [AccountTypeDetail], [Comment], [SubHeadDetail], [IsBalanceKhata], [IsShowonPage], [fkBranchID], [IsActive], [CreateBy], [CreateDate], [ModifyBy], [ModifyDate]) VALUES (10, NULL, N'A1003', N'Inventories', N'A1003', N'', NULL, N'0', NULL, NULL, NULL, N'Active', NULL, CAST(0x0000A418009D0DCE AS DateTime), NULL, NULL)
INSERT [dbo].[AccountTypes] ([AccountTypeID], [AccountTypeNo], [AccountCode], [AccountTypeName], [AccountType], [AccountTypeDetail], [Comment], [SubHeadDetail], [IsBalanceKhata], [IsShowonPage], [fkBranchID], [IsActive], [CreateBy], [CreateDate], [ModifyBy], [ModifyDate]) VALUES (11, NULL, N'A1004', N'Sundry Debtors', N'A1004', N'', NULL, N'1', NULL, NULL, NULL, N'Active', NULL, CAST(0x0000A418009D0DCE AS DateTime), NULL, NULL)
INSERT [dbo].[AccountTypes] ([AccountTypeID], [AccountTypeNo], [AccountCode], [AccountTypeName], [AccountType], [AccountTypeDetail], [Comment], [SubHeadDetail], [IsBalanceKhata], [IsShowonPage], [fkBranchID], [IsActive], [CreateBy], [CreateDate], [ModifyBy], [ModifyDate]) VALUES (12, NULL, N'A1005', N'Cash Discount', N'A1005', N'', NULL, N'0', NULL, NULL, NULL, N'Active', NULL, CAST(0x0000A418009D0DCE AS DateTime), NULL, NULL)
INSERT [dbo].[AccountTypes] ([AccountTypeID], [AccountTypeNo], [AccountCode], [AccountTypeName], [AccountType], [AccountTypeDetail], [Comment], [SubHeadDetail], [IsBalanceKhata], [IsShowonPage], [fkBranchID], [IsActive], [CreateBy], [CreateDate], [ModifyBy], [ModifyDate]) VALUES (13, NULL, N'A1006', N'Loans & Deposits', N'A1006', N'', NULL, N'0', NULL, NULL, NULL, N'Active', NULL, CAST(0x0000A418009D0DCE AS DateTime), NULL, NULL)
INSERT [dbo].[AccountTypes] ([AccountTypeID], [AccountTypeNo], [AccountCode], [AccountTypeName], [AccountType], [AccountTypeDetail], [Comment], [SubHeadDetail], [IsBalanceKhata], [IsShowonPage], [fkBranchID], [IsActive], [CreateBy], [CreateDate], [ModifyBy], [ModifyDate]) VALUES (14, NULL, N'A1007', N'Bank A/C Balances', N'A1007', N'', NULL, N'0', NULL, NULL, NULL, N'Active', NULL, CAST(0x0000A418009D0DCE AS DateTime), NULL, NULL)
INSERT [dbo].[AccountTypes] ([AccountTypeID], [AccountTypeNo], [AccountCode], [AccountTypeName], [AccountType], [AccountTypeDetail], [Comment], [SubHeadDetail], [IsBalanceKhata], [IsShowonPage], [fkBranchID], [IsActive], [CreateBy], [CreateDate], [ModifyBy], [ModifyDate]) VALUES (15, NULL, N'P1001', N'Income', N'P1001', N'', NULL, N'0', NULL, NULL, NULL, N'Active', NULL, CAST(0x0000A418009D0DCE AS DateTime), NULL, NULL)
INSERT [dbo].[AccountTypes] ([AccountTypeID], [AccountTypeNo], [AccountCode], [AccountTypeName], [AccountType], [AccountTypeDetail], [Comment], [SubHeadDetail], [IsBalanceKhata], [IsShowonPage], [fkBranchID], [IsActive], [CreateBy], [CreateDate], [ModifyBy], [ModifyDate]) VALUES (16, NULL, N'P1002', N'Other Income', N'P1002', N'', NULL, N'0', NULL, NULL, NULL, N'Active', NULL, CAST(0x0000A418009D0DCE AS DateTime), NULL, NULL)
INSERT [dbo].[AccountTypes] ([AccountTypeID], [AccountTypeNo], [AccountCode], [AccountTypeName], [AccountType], [AccountTypeDetail], [Comment], [SubHeadDetail], [IsBalanceKhata], [IsShowonPage], [fkBranchID], [IsActive], [CreateBy], [CreateDate], [ModifyBy], [ModifyDate]) VALUES (17, NULL, N'P1003', N'Expenses ', N'P1003', N'', NULL, N'0', NULL, NULL, NULL, N'Active', NULL, CAST(0x0000A418009D0DCE AS DateTime), NULL, NULL)
INSERT [dbo].[AccountTypes] ([AccountTypeID], [AccountTypeNo], [AccountCode], [AccountTypeName], [AccountType], [AccountTypeDetail], [Comment], [SubHeadDetail], [IsBalanceKhata], [IsShowonPage], [fkBranchID], [IsActive], [CreateBy], [CreateDate], [ModifyBy], [ModifyDate]) VALUES (18, NULL, N'T1001', N'Opening Stock', N'T1001', N'', NULL, N'0', NULL, NULL, NULL, N'Active', NULL, CAST(0x0000A418009D0DCE AS DateTime), NULL, NULL)
INSERT [dbo].[AccountTypes] ([AccountTypeID], [AccountTypeNo], [AccountCode], [AccountTypeName], [AccountType], [AccountTypeDetail], [Comment], [SubHeadDetail], [IsBalanceKhata], [IsShowonPage], [fkBranchID], [IsActive], [CreateBy], [CreateDate], [ModifyBy], [ModifyDate]) VALUES (19, NULL, N'T1002', N'Purchases', N'T1002', N'', NULL, N'0', NULL, NULL, NULL, N'Active', NULL, CAST(0x0000A418009D0DCE AS DateTime), NULL, NULL)
INSERT [dbo].[AccountTypes] ([AccountTypeID], [AccountTypeNo], [AccountCode], [AccountTypeName], [AccountType], [AccountTypeDetail], [Comment], [SubHeadDetail], [IsBalanceKhata], [IsShowonPage], [fkBranchID], [IsActive], [CreateBy], [CreateDate], [ModifyBy], [ModifyDate]) VALUES (20, NULL, N'T1003', N'Trading Expenses', N'T1003', N'', NULL, N'0', NULL, NULL, NULL, N'Active', NULL, CAST(0x0000A418009D0DCE AS DateTime), NULL, NULL)
INSERT [dbo].[AccountTypes] ([AccountTypeID], [AccountTypeNo], [AccountCode], [AccountTypeName], [AccountType], [AccountTypeDetail], [Comment], [SubHeadDetail], [IsBalanceKhata], [IsShowonPage], [fkBranchID], [IsActive], [CreateBy], [CreateDate], [ModifyBy], [ModifyDate]) VALUES (21, NULL, N'T1004', N'Sales', N'T1004', N'', NULL, N'0', NULL, NULL, NULL, N'Active', NULL, CAST(0x0000A418009D0DCE AS DateTime), NULL, NULL)
INSERT [dbo].[AccountTypes] ([AccountTypeID], [AccountTypeNo], [AccountCode], [AccountTypeName], [AccountType], [AccountTypeDetail], [Comment], [SubHeadDetail], [IsBalanceKhata], [IsShowonPage], [fkBranchID], [IsActive], [CreateBy], [CreateDate], [ModifyBy], [ModifyDate]) VALUES (22, NULL, N'T1005', N'Closing Stock', N'T1005', N'', NULL, N'0', NULL, NULL, NULL, N'Active', NULL, CAST(0x0000A418009D0DCE AS DateTime), NULL, NULL)
INSERT [dbo].[AccountTypes] ([AccountTypeID], [AccountTypeNo], [AccountCode], [AccountTypeName], [AccountType], [AccountTypeDetail], [Comment], [SubHeadDetail], [IsBalanceKhata], [IsShowonPage], [fkBranchID], [IsActive], [CreateBy], [CreateDate], [ModifyBy], [ModifyDate]) VALUES (23, NULL, N'A1008', N'Cash Balances', N'A1008', N'', NULL, N'0', NULL, NULL, NULL, N'Active', NULL, CAST(0x0000A418009D0DCE AS DateTime), NULL, NULL)
INSERT [dbo].[AccountTypes] ([AccountTypeID], [AccountTypeNo], [AccountCode], [AccountTypeName], [AccountType], [AccountTypeDetail], [Comment], [SubHeadDetail], [IsBalanceKhata], [IsShowonPage], [fkBranchID], [IsActive], [CreateBy], [CreateDate], [ModifyBy], [ModifyDate]) VALUES (24, NULL, N'A1009', N'Client', N'A1009', NULL, NULL, N'1', NULL, NULL, NULL, N'Active', NULL, CAST(0x0000A42800A9A462 AS DateTime), NULL, NULL)
INSERT [dbo].[AccountTypes] ([AccountTypeID], [AccountTypeNo], [AccountCode], [AccountTypeName], [AccountType], [AccountTypeDetail], [Comment], [SubHeadDetail], [IsBalanceKhata], [IsShowonPage], [fkBranchID], [IsActive], [CreateBy], [CreateDate], [ModifyBy], [ModifyDate]) VALUES (25, NULL, N'P1004', N'Employee', N'P1004', NULL, NULL, N'1', NULL, NULL, NULL, N'Active', NULL, CAST(0x0000A42800A9A358 AS DateTime), NULL, NULL)
INSERT [dbo].[AccountTypes] ([AccountTypeID], [AccountTypeNo], [AccountCode], [AccountTypeName], [AccountType], [AccountTypeDetail], [Comment], [SubHeadDetail], [IsBalanceKhata], [IsShowonPage], [fkBranchID], [IsActive], [CreateBy], [CreateDate], [ModifyBy], [ModifyDate]) VALUES (26, NULL, N'C1001', N'Purchase Commission', N'C1001', NULL, NULL, N'1', NULL, NULL, NULL, N'Active', NULL, CAST(0x0000A64F00243B88 AS DateTime), NULL, NULL)
INSERT [dbo].[AccountTypes] ([AccountTypeID], [AccountTypeNo], [AccountCode], [AccountTypeName], [AccountType], [AccountTypeDetail], [Comment], [SubHeadDetail], [IsBalanceKhata], [IsShowonPage], [fkBranchID], [IsActive], [CreateBy], [CreateDate], [ModifyBy], [ModifyDate]) VALUES (27, NULL, N'C1002', N'Sale Commission', N'C1002', NULL, NULL, N'1', NULL, NULL, NULL, N'Active', NULL, CAST(0x0000A64F0024EA82 AS DateTime), NULL, NULL)
INSERT [dbo].[AccountTypes] ([AccountTypeID], [AccountTypeNo], [AccountCode], [AccountTypeName], [AccountType], [AccountTypeDetail], [Comment], [SubHeadDetail], [IsBalanceKhata], [IsShowonPage], [fkBranchID], [IsActive], [CreateBy], [CreateDate], [ModifyBy], [ModifyDate]) VALUES (28, NULL, N'H1001', N'Hammali Purchase', N'H1001', NULL, NULL, N'1', NULL, NULL, NULL, N'Active', NULL, CAST(0x0000A64F00266A02 AS DateTime), NULL, NULL)
INSERT [dbo].[AccountTypes] ([AccountTypeID], [AccountTypeNo], [AccountCode], [AccountTypeName], [AccountType], [AccountTypeDetail], [Comment], [SubHeadDetail], [IsBalanceKhata], [IsShowonPage], [fkBranchID], [IsActive], [CreateBy], [CreateDate], [ModifyBy], [ModifyDate]) VALUES (29, NULL, N'H1002', N'Hammali Sale', N'H1002', NULL, NULL, N'1', NULL, NULL, NULL, N'Active', NULL, CAST(0x0000A64F00268E2C AS DateTime), NULL, NULL)
SET IDENTITY_INSERT [dbo].[AccountTypes] OFF
/****** Object:  Table [dbo].[UserConfigs]    Script Date: 01/20/2021 14:48:58 ******/
SET IDENTITY_INSERT [dbo].[UserConfigs] ON
INSERT [dbo].[UserConfigs] ([ID], [HardwareID], [EncHardwareID], [MacAddress], [EncMacAddress], [IPAddress], [EncIPAddress], [WindowsUserName], [EncWindowsUserName]) VALUES (1, N'6D4FEBFEA7DD728FBFF', N'', NULL, NULL, NULL, NULL, NULL, NULL)
SET IDENTITY_INSERT [dbo].[UserConfigs] OFF
/****** Object:  Table [dbo].[UserInRoles]    Script Date: 01/20/2021 14:48:58 ******/
SET IDENTITY_INSERT [dbo].[UserInRoles] ON
INSERT [dbo].[UserInRoles] ([UserInRoleID], [UserInRoleNo], [fkUserID], [fkRoleID], [fkBranchID], [IsActive], [CreateBy], [CreateDate], [ModifyBy], [ModifyDate]) VALUES (1, 1, 1, 1, 1, N'Active', NULL, CAST(0x0000A44300955C49 AS DateTime), NULL, NULL)
INSERT [dbo].[UserInRoles] ([UserInRoleID], [UserInRoleNo], [fkUserID], [fkRoleID], [fkBranchID], [IsActive], [CreateBy], [CreateDate], [ModifyBy], [ModifyDate]) VALUES (2, 2, 2, 2, 1, N'Active', NULL, CAST(0x0000A4430095825C AS DateTime), NULL, NULL)
INSERT [dbo].[UserInRoles] ([UserInRoleID], [UserInRoleNo], [fkUserID], [fkRoleID], [fkBranchID], [IsActive], [CreateBy], [CreateDate], [ModifyBy], [ModifyDate]) VALUES (3, 3, 3, 2, 1, N'Active', NULL, CAST(0x0000A4430095BF46 AS DateTime), NULL, NULL)
SET IDENTITY_INSERT [dbo].[UserInRoles] OFF
/****** Object:  Table [dbo].[VoucherTypes]    Script Date: 01/20/2021 14:48:58 ******/
/****** Object:  Table [dbo].[Villages]    Script Date: 01/20/2021 14:48:58 ******/
SET IDENTITY_INSERT [dbo].[Villages] ON
INSERT [dbo].[Villages] ([VillageID], [VillageNo], [VillageName], [VillageNameHindi], [State], [Zip], [Address], [fkBranchID], [IsActive], [CreateBy], [CreateDate], [ModifyBy], [ModifyDate]) VALUES (1, 0, N'Mandi', N'', N'', N'', N'', 0, N'1', 0, CAST(0x0000A42B012F0EC5 AS DateTime), 1, CAST(0x0000A42B012F0EC5 AS DateTime))
SET IDENTITY_INSERT [dbo].[Villages] OFF
/****** Object:  Table [dbo].[Users]    Script Date: 01/20/2021 14:48:58 ******/
SET IDENTITY_INSERT [dbo].[Users] ON
INSERT [dbo].[Users] ([UserID], [UserNo], [UserName], [IsAdmin], [fkBranchID], [IsActive], [CreateBy], [CreateDate], [ModifyBy], [ModifyDate]) VALUES (1, 1, N'admin', N'1', 1, N'Active', NULL, CAST(0x0000A44300952B5A AS DateTime), NULL, NULL)
INSERT [dbo].[Users] ([UserID], [UserNo], [UserName], [IsAdmin], [fkBranchID], [IsActive], [CreateBy], [CreateDate], [ModifyBy], [ModifyDate]) VALUES (2, 2, N'esabji', N'0', NULL, N'Active', NULL, CAST(0x0000A4430095424E AS DateTime), NULL, NULL)
INSERT [dbo].[Users] ([UserID], [UserNo], [UserName], [IsAdmin], [fkBranchID], [IsActive], [CreateBy], [CreateDate], [ModifyBy], [ModifyDate]) VALUES (3, 3, N'1', N'0', NULL, N'Active', NULL, CAST(0x0000A4430095A882 AS DateTime), NULL, NULL)
SET IDENTITY_INSERT [dbo].[Users] OFF
/****** Object:  Table [dbo].[UserLogin]    Script Date: 01/20/2021 14:48:58 ******/
/****** Object:  Table [dbo].[UserDetails]    Script Date: 01/20/2021 14:48:58 ******/
SET IDENTITY_INSERT [dbo].[UserDetails] ON
INSERT [dbo].[UserDetails] ([UserDetailID], [UserDetailNo], [fkUserID], [FirstName], [Middleame], [LastName], [PhoneNo], [MobileNo], [City], [State], [Zip], [Address], [fkBranchID], [IsActive], [CreateBy], [CreateDate], [ModifyBy], [ModifyDate]) VALUES (1, 1, 1, N'Admin', N'', N'Admin', N'123456', NULL, NULL, NULL, NULL, NULL, NULL, N'Active', NULL, CAST(0x0000A4430096BE32 AS DateTime), NULL, NULL)
INSERT [dbo].[UserDetails] ([UserDetailID], [UserDetailNo], [fkUserID], [FirstName], [Middleame], [LastName], [PhoneNo], [MobileNo], [City], [State], [Zip], [Address], [fkBranchID], [IsActive], [CreateBy], [CreateDate], [ModifyBy], [ModifyDate]) VALUES (2, 2, 2, N'Operator', N'', N'User', N'123456', NULL, NULL, NULL, NULL, NULL, NULL, N'Active', NULL, CAST(0x0000A4430096BE32 AS DateTime), NULL, NULL)
INSERT [dbo].[UserDetails] ([UserDetailID], [UserDetailNo], [fkUserID], [FirstName], [Middleame], [LastName], [PhoneNo], [MobileNo], [City], [State], [Zip], [Address], [fkBranchID], [IsActive], [CreateBy], [CreateDate], [ModifyBy], [ModifyDate]) VALUES (3, 3, 3, N'Test', N'', N'User', N'123456', NULL, NULL, NULL, NULL, NULL, NULL, N'Active', NULL, CAST(0x0000A4430096BE32 AS DateTime), NULL, NULL)
SET IDENTITY_INSERT [dbo].[UserDetails] OFF
/****** Object:  Table [dbo].[UserAccounts]    Script Date: 01/20/2021 14:48:58 ******/
SET IDENTITY_INSERT [dbo].[UserAccounts] ON
INSERT [dbo].[UserAccounts] ([UserAccountID], [UserAccountNo], [fkUserID], [Password], [fkBranchID], [IsActive], [CreateBy], [CreateDate], [ModifyBy], [ModifyDate]) VALUES (1, 1, 1, N'password1', 1, N'Active', NULL, CAST(0x0000A4430096088A AS DateTime), NULL, NULL)
INSERT [dbo].[UserAccounts] ([UserAccountID], [UserAccountNo], [fkUserID], [Password], [fkBranchID], [IsActive], [CreateBy], [CreateDate], [ModifyBy], [ModifyDate]) VALUES (2, 2, 2, N'password2', 1, N'Active', NULL, CAST(0x0000A4430096088A AS DateTime), NULL, NULL)
INSERT [dbo].[UserAccounts] ([UserAccountID], [UserAccountNo], [fkUserID], [Password], [fkBranchID], [IsActive], [CreateBy], [CreateDate], [ModifyBy], [ModifyDate]) VALUES (3, 3, 3, N'1', 1, N'Active', NULL, CAST(0x0000A4430096088A AS DateTime), NULL, NULL)
SET IDENTITY_INSERT [dbo].[UserAccounts] OFF

/****** Object:  Table [dbo].[Accounts]    Script Date: 03/21/2021 18:15:45 ******/
SET IDENTITY_INSERT [dbo].[Accounts] ON
INSERT [dbo].[Accounts] ([AccountID], [AccountNo], [AccountFirmName], [AccountFirmNameHindi], [AccountSortName], [AccountHolderDetail], [fkAccountTypeID], [AccountCode], [AccountFirmCode], [fkVillageID], [AccountName], [AccountNameHindi], [AccountMobileNo], [AccountPhoneNo], [AccountAddress1], [AccountAddress2], [AccountCity], [AccountState], [AccountZip], [AccountPanNo], [IsShowonPage], [fkBranchID], [IsActive], [InsertDate], [ModifyDate], [CreatedBy], [ModifiedBy], [LicenceNo], [EmailID], [Sysdate], [fkBankAccountID], [fkAccountBankDetailID], [Remark]) VALUES (1, 1, N'Capital A/C', N'Capital A/C', N'Capital A/C', N'Capital A/C', 1, N'', N'', 1, N'Capital A/C', N'Capital A/C', N'1111111111', N'', N'', N'', N'', N'', N'', N'', N'', 0, N'1', CAST(0x0000A423000AB75C AS DateTime), CAST(0x0000A423000AB75C AS DateTime), 0, 0, NULL, NULL, CAST(0x0000ACE900C374F4 AS DateTime), NULL, NULL, NULL)
INSERT [dbo].[Accounts] ([AccountID], [AccountNo], [AccountFirmName], [AccountFirmNameHindi], [AccountSortName], [AccountHolderDetail], [fkAccountTypeID], [AccountCode], [AccountFirmCode], [fkVillageID], [AccountName], [AccountNameHindi], [AccountMobileNo], [AccountPhoneNo], [AccountAddress1], [AccountAddress2], [AccountCity], [AccountState], [AccountZip], [AccountPanNo], [IsShowonPage], [fkBranchID], [IsActive], [InsertDate], [ModifyDate], [CreatedBy], [ModifiedBy], [LicenceNo], [EmailID], [Sysdate], [fkBankAccountID], [fkAccountBankDetailID], [Remark]) VALUES (2, 1, N'Purchase Sale A/C', N'Purchase Sale A/C', N'Purchase Sale A/C', N'Purchase Sale A/C', 19, N'', N'', 1, N'Purchase Sale A/C', N'Purchase Sale A/C', N'1111111111', N'', N'', N'', N'', N'', N'', N'', N'', 0, N'1', CAST(0x0000A423000AB75C AS DateTime), CAST(0x0000A423000AB75C AS DateTime), 0, 0, NULL, NULL, CAST(0x0000ACE900C374F4 AS DateTime), NULL, NULL, NULL)
INSERT [dbo].[Accounts] ([AccountID], [AccountNo], [AccountFirmName], [AccountFirmNameHindi], [AccountSortName], [AccountHolderDetail], [fkAccountTypeID], [AccountCode], [AccountFirmCode], [fkVillageID], [AccountName], [AccountNameHindi], [AccountMobileNo], [AccountPhoneNo], [AccountAddress1], [AccountAddress2], [AccountCity], [AccountState], [AccountZip], [AccountPanNo], [IsShowonPage], [fkBranchID], [IsActive], [InsertDate], [ModifyDate], [CreatedBy], [ModifiedBy], [LicenceNo], [EmailID], [Sysdate], [fkBankAccountID], [fkAccountBankDetailID], [Remark]) VALUES (3, 1, N'Cash In Hand', N'Cash In Hand', N'Cash In Hand', N'Cash In Hand', 14, N'', N'', 1, N'Cash In Hand', N'Cash In Hand', N'1111111111', N'', N'', N'', N'', N'', N'', N'', N'', 0, N'1', CAST(0x0000AC1800000000 AS DateTime), CAST(0x0000AC1800000000 AS DateTime), 0, 0, NULL, NULL, CAST(0x0000ACE900C374F4 AS DateTime), NULL, NULL, NULL)
INSERT [dbo].[Accounts] ([AccountID], [AccountNo], [AccountFirmName], [AccountFirmNameHindi], [AccountSortName], [AccountHolderDetail], [fkAccountTypeID], [AccountCode], [AccountFirmCode], [fkVillageID], [AccountName], [AccountNameHindi], [AccountMobileNo], [AccountPhoneNo], [AccountAddress1], [AccountAddress2], [AccountCity], [AccountState], [AccountZip], [AccountPanNo], [IsShowonPage], [fkBranchID], [IsActive], [InsertDate], [ModifyDate], [CreatedBy], [ModifiedBy], [LicenceNo], [EmailID], [Sysdate], [fkBankAccountID], [fkAccountBankDetailID], [Remark]) VALUES (4, 1, N'Expenses', N'Expenses', N'Expenses', N'Expenses', 17, N'', N'', 1, N'Expenses', N'Expenses', N'1111111111', N'', N'', N'', N'', N'', N'', N'', N'', 0, N'1', CAST(0x0000A423000AB75C AS DateTime), CAST(0x0000A423000AB75C AS DateTime), 0, 0, NULL, NULL, CAST(0x0000ACE900C374F4 AS DateTime), NULL, NULL, NULL)
INSERT [dbo].[Accounts] ([AccountID], [AccountNo], [AccountFirmName], [AccountFirmNameHindi], [AccountSortName], [AccountHolderDetail], [fkAccountTypeID], [AccountCode], [AccountFirmCode], [fkVillageID], [AccountName], [AccountNameHindi], [AccountMobileNo], [AccountPhoneNo], [AccountAddress1], [AccountAddress2], [AccountCity], [AccountState], [AccountZip], [AccountPanNo], [IsShowonPage], [fkBranchID], [IsActive], [InsertDate], [ModifyDate], [CreatedBy], [ModifiedBy], [LicenceNo], [EmailID], [Sysdate], [fkBankAccountID], [fkAccountBankDetailID], [Remark]) VALUES (5, 1, N'Hammali Sale', N'Hammali Sale', N'Hammali Sale', N'Hammali Sale', 29, N'', N'', 1, N'Hammali Sale', N'Hammali Sale', N'1111111111', N'', N'', N'', N'', N'', N'', N'', N'', 0, N'1', CAST(0x0000A46600000000 AS DateTime), CAST(0x0000A46600000000 AS DateTime), 0, 0, NULL, NULL, CAST(0x0000ACE900C374F5 AS DateTime), NULL, NULL, NULL)
INSERT [dbo].[Accounts] ([AccountID], [AccountNo], [AccountFirmName], [AccountFirmNameHindi], [AccountSortName], [AccountHolderDetail], [fkAccountTypeID], [AccountCode], [AccountFirmCode], [fkVillageID], [AccountName], [AccountNameHindi], [AccountMobileNo], [AccountPhoneNo], [AccountAddress1], [AccountAddress2], [AccountCity], [AccountState], [AccountZip], [AccountPanNo], [IsShowonPage], [fkBranchID], [IsActive], [InsertDate], [ModifyDate], [CreatedBy], [ModifiedBy], [LicenceNo], [EmailID], [Sysdate], [fkBankAccountID], [fkAccountBankDetailID], [Remark]) VALUES (6, 1, N'Farmer', N'Farmer', N'Farmer', N'Farmer', 7, N'', N'', 1, N'Farmer', N'Farmer', N'1111111111', N'', N'', N'', N'', N'', N'', N'', N'', 0, N'1', CAST(0x0000A423000AB75C AS DateTime), CAST(0x0000A423000AB75C AS DateTime), 0, 0, NULL, NULL, CAST(0x0000ACE900C374F5 AS DateTime), NULL, NULL, NULL)
INSERT [dbo].[Accounts] ([AccountID], [AccountNo], [AccountFirmName], [AccountFirmNameHindi], [AccountSortName], [AccountHolderDetail], [fkAccountTypeID], [AccountCode], [AccountFirmCode], [fkVillageID], [AccountName], [AccountNameHindi], [AccountMobileNo], [AccountPhoneNo], [AccountAddress1], [AccountAddress2], [AccountCity], [AccountState], [AccountZip], [AccountPanNo], [IsShowonPage], [fkBranchID], [IsActive], [InsertDate], [ModifyDate], [CreatedBy], [ModifiedBy], [LicenceNo], [EmailID], [Sysdate], [fkBankAccountID], [fkAccountBankDetailID], [Remark]) VALUES (7, 1, N'Sundry Debtor', N'Sundry Debtor', N'Sundry Debtor', N'Sundry Debtor', 11, N'', N'', 1, N'Sundry Debtor', N'Sundry Debtor', N'1111111111', N'', N'', N'', N'', N'', N'', N'', N'', 0, N'1', CAST(0x0000A423000AB75C AS DateTime), CAST(0x0000A423000AB75C AS DateTime), 0, 0, NULL, NULL, CAST(0x0000ACE900C374F5 AS DateTime), NULL, NULL, NULL)
INSERT [dbo].[Accounts] ([AccountID], [AccountNo], [AccountFirmName], [AccountFirmNameHindi], [AccountSortName], [AccountHolderDetail], [fkAccountTypeID], [AccountCode], [AccountFirmCode], [fkVillageID], [AccountName], [AccountNameHindi], [AccountMobileNo], [AccountPhoneNo], [AccountAddress1], [AccountAddress2], [AccountCity], [AccountState], [AccountZip], [AccountPanNo], [IsShowonPage], [fkBranchID], [IsActive], [InsertDate], [ModifyDate], [CreatedBy], [ModifiedBy], [LicenceNo], [EmailID], [Sysdate], [fkBankAccountID], [fkAccountBankDetailID], [Remark]) VALUES (8, 1, N'Puchaser(Client)', N'Puchaser(Client)', N'Puchaser(Client)', N'Puchaser(Client)', 24, N'', N'', 1, N'Puchaser(Client)', N'Puchaser(Client)', N'1111111111', N'', N'', N'', N'', N'', N'', N'', N'', 0, N'1', CAST(0x0000A423000AB75C AS DateTime), CAST(0x0000A423000AB75C AS DateTime), 0, 0, NULL, NULL, CAST(0x0000ACE900C374F5 AS DateTime), NULL, NULL, NULL)
INSERT [dbo].[Accounts] ([AccountID], [AccountNo], [AccountFirmName], [AccountFirmNameHindi], [AccountSortName], [AccountHolderDetail], [fkAccountTypeID], [AccountCode], [AccountFirmCode], [fkVillageID], [AccountName], [AccountNameHindi], [AccountMobileNo], [AccountPhoneNo], [AccountAddress1], [AccountAddress2], [AccountCity], [AccountState], [AccountZip], [AccountPanNo], [IsShowonPage], [fkBranchID], [IsActive], [InsertDate], [ModifyDate], [CreatedBy], [ModifiedBy], [LicenceNo], [EmailID], [Sysdate], [fkBankAccountID], [fkAccountBankDetailID], [Remark]) VALUES (9, 1, N'Sundry Creditor', N'Sundry Creditor', N'Sundry Creditor', N'Sundry Creditor', 5, N'', N'', 1, N'Sundry Creditor', N'Sundry Creditor', N'1111111111', N'', N'', N'', N'', N'', N'', N'', N'', 0, N'1', CAST(0x0000A423000AB75C AS DateTime), CAST(0x0000A423000AB75C AS DateTime), 0, 0, NULL, NULL, CAST(0x0000ACE900C374F5 AS DateTime), NULL, NULL, NULL)
INSERT [dbo].[Accounts] ([AccountID], [AccountNo], [AccountFirmName], [AccountFirmNameHindi], [AccountSortName], [AccountHolderDetail], [fkAccountTypeID], [AccountCode], [AccountFirmCode], [fkVillageID], [AccountName], [AccountNameHindi], [AccountMobileNo], [AccountPhoneNo], [AccountAddress1], [AccountAddress2], [AccountCity], [AccountState], [AccountZip], [AccountPanNo], [IsShowonPage], [fkBranchID], [IsActive], [InsertDate], [ModifyDate], [CreatedBy], [ModifiedBy], [LicenceNo], [EmailID], [Sysdate], [fkBankAccountID], [fkAccountBankDetailID], [Remark]) VALUES (10, 1, N'Commission A/C', N'Commission A/C', N'Commission A/C', N'Commission A/C', 27, N'', N'', 1, N'Commission A/C', N'Commission A/C', N'1111111111', N'', N'', N'', N'', N'', N'', N'', N'', 0, N'1', CAST(0x0000A423000AB75C AS DateTime), CAST(0x0000A423000AB75C AS DateTime), 0, 0, NULL, NULL, CAST(0x0000ACE900C374F5 AS DateTime), NULL, NULL, NULL)
INSERT [dbo].[Accounts] ([AccountID], [AccountNo], [AccountFirmName], [AccountFirmNameHindi], [AccountSortName], [AccountHolderDetail], [fkAccountTypeID], [AccountCode], [AccountFirmCode], [fkVillageID], [AccountName], [AccountNameHindi], [AccountMobileNo], [AccountPhoneNo], [AccountAddress1], [AccountAddress2], [AccountCity], [AccountState], [AccountZip], [AccountPanNo], [IsShowonPage], [fkBranchID], [IsActive], [InsertDate], [ModifyDate], [CreatedBy], [ModifiedBy], [LicenceNo], [EmailID], [Sysdate], [fkBankAccountID], [fkAccountBankDetailID], [Remark]) VALUES (11, 1, N'Commission A/C Purchase', N'Commission A/C Purchase', N'Commission A/C Purchase', N'Commission A/C Purchase', 26, N'', N'', 1, N'Commission A/C Purchase', N'Commission A/C Purchase', N'1111111111', N'', N'', N'', N'', N'', N'', N'', N'', 0, N'1', CAST(0x0000A60400000000 AS DateTime), CAST(0x0000A60400000000 AS DateTime), 0, 0, NULL, NULL, CAST(0x0000ACE900C374F5 AS DateTime), NULL, NULL, NULL)
INSERT [dbo].[Accounts] ([AccountID], [AccountNo], [AccountFirmName], [AccountFirmNameHindi], [AccountSortName], [AccountHolderDetail], [fkAccountTypeID], [AccountCode], [AccountFirmCode], [fkVillageID], [AccountName], [AccountNameHindi], [AccountMobileNo], [AccountPhoneNo], [AccountAddress1], [AccountAddress2], [AccountCity], [AccountState], [AccountZip], [AccountPanNo], [IsShowonPage], [fkBranchID], [IsActive], [InsertDate], [ModifyDate], [CreatedBy], [ModifiedBy], [LicenceNo], [EmailID], [Sysdate], [fkBankAccountID], [fkAccountBankDetailID], [Remark]) VALUES (12, 1, N'Mandi Sulk', N'Mandi Sulk', N'Mandi Sulk', N'Mandi Sulk', 15, N'', N'', 1, N'Mandi Sulk', N'Mandi Sulk', N'1111111111', N'', N'', N'', N'', N'', N'', N'', N'', 0, N'1', CAST(0x0000A423000AB75C AS DateTime), CAST(0x0000A423000AB75C AS DateTime), 0, 0, NULL, NULL, CAST(0x0000ACE900C374F5 AS DateTime), NULL, NULL, NULL)
INSERT [dbo].[Accounts] ([AccountID], [AccountNo], [AccountFirmName], [AccountFirmNameHindi], [AccountSortName], [AccountHolderDetail], [fkAccountTypeID], [AccountCode], [AccountFirmCode], [fkVillageID], [AccountName], [AccountNameHindi], [AccountMobileNo], [AccountPhoneNo], [AccountAddress1], [AccountAddress2], [AccountCity], [AccountState], [AccountZip], [AccountPanNo], [IsShowonPage], [fkBranchID], [IsActive], [InsertDate], [ModifyDate], [CreatedBy], [ModifiedBy], [LicenceNo], [EmailID], [Sysdate], [fkBankAccountID], [fkAccountBankDetailID], [Remark]) VALUES (13, 1, N'Partner1 CAPITAL A/C', N'Partner1 CAPITAL A/C', N'Partner1 CAPITAL A/C', N'Partner1 CAPITAL A/C', 15, N'', N'', 1, N'Partner1 CAPITAL A/C', N'Partner1 CAPITAL A/C', N'1111111111', N'', N'', N'', N'', N'', N'', N'', N'', 0, N'1', CAST(0x0000A423000AB75C AS DateTime), CAST(0x0000A423000AB75C AS DateTime), 0, 0, NULL, NULL, CAST(0x0000ACE900C374F5 AS DateTime), NULL, NULL, NULL)
INSERT [dbo].[Accounts] ([AccountID], [AccountNo], [AccountFirmName], [AccountFirmNameHindi], [AccountSortName], [AccountHolderDetail], [fkAccountTypeID], [AccountCode], [AccountFirmCode], [fkVillageID], [AccountName], [AccountNameHindi], [AccountMobileNo], [AccountPhoneNo], [AccountAddress1], [AccountAddress2], [AccountCity], [AccountState], [AccountZip], [AccountPanNo], [IsShowonPage], [fkBranchID], [IsActive], [InsertDate], [ModifyDate], [CreatedBy], [ModifiedBy], [LicenceNo], [EmailID], [Sysdate], [fkBankAccountID], [fkAccountBankDetailID], [Remark]) VALUES (14, 1, N'Partner2 CAPITAL A/C', N'Partner2 CAPITAL A/C', N'Partner2 CAPITAL A/C', N'Partner2 CAPITAL A/C', 15, N'', N'', 1, N'Partner2 CAPITAL A/C', N'Partner2 CAPITAL A/C', N'1111111111', N'', N'', N'', N'', N'', N'', N'', N'', 0, N'1', CAST(0x0000A423000AB75C AS DateTime), CAST(0x0000A423000AB75C AS DateTime), 0, 0, NULL, NULL, CAST(0x0000ACE900C374F5 AS DateTime), NULL, NULL, NULL)
INSERT [dbo].[Accounts] ([AccountID], [AccountNo], [AccountFirmName], [AccountFirmNameHindi], [AccountSortName], [AccountHolderDetail], [fkAccountTypeID], [AccountCode], [AccountFirmCode], [fkVillageID], [AccountName], [AccountNameHindi], [AccountMobileNo], [AccountPhoneNo], [AccountAddress1], [AccountAddress2], [AccountCity], [AccountState], [AccountZip], [AccountPanNo], [IsShowonPage], [fkBranchID], [IsActive], [InsertDate], [ModifyDate], [CreatedBy], [ModifiedBy], [LicenceNo], [EmailID], [Sysdate], [fkBankAccountID], [fkAccountBankDetailID], [Remark]) VALUES (15, 1, N'Hammali Purchases', N'Hammali Purchases', N'Hammali Purchases', N'Hammali Purchases', 28, N'', N'', 1, N'Hammali Purchases', N'Hammali Purchases', N'1111111111', N'', N'', N'', N'', N'', N'', N'', N'', 0, N'1', CAST(0x0000A423000AB75C AS DateTime), CAST(0x0000A423000AB75C AS DateTime), 0, 0, NULL, NULL, CAST(0x0000ACE900C374F5 AS DateTime), NULL, NULL, NULL)
INSERT [dbo].[Accounts] ([AccountID], [AccountNo], [AccountFirmName], [AccountFirmNameHindi], [AccountSortName], [AccountHolderDetail], [fkAccountTypeID], [AccountCode], [AccountFirmCode], [fkVillageID], [AccountName], [AccountNameHindi], [AccountMobileNo], [AccountPhoneNo], [AccountAddress1], [AccountAddress2], [AccountCity], [AccountState], [AccountZip], [AccountPanNo], [IsShowonPage], [fkBranchID], [IsActive], [InsertDate], [ModifyDate], [CreatedBy], [ModifiedBy], [LicenceNo], [EmailID], [Sysdate], [fkBankAccountID], [fkAccountBankDetailID], [Remark]) VALUES (16, 1, N'Bill Rate Difference', N'Bill Rate Difference', N'Bill Rate Difference', N'Bill Rate Difference', 17, N'', N'', 1, N'Bill Rate Difference', N'Bill Rate Difference', N'1111111111', N'', N'', N'', N'', N'', N'', N'', N'', 0, N'1', CAST(0x0000A423000AB75C AS DateTime), CAST(0x0000A423000AB75C AS DateTime), 0, 0, NULL, NULL, CAST(0x0000ACE900C374F5 AS DateTime), NULL, NULL, NULL)
INSERT [dbo].[Accounts] ([AccountID], [AccountNo], [AccountFirmName], [AccountFirmNameHindi], [AccountSortName], [AccountHolderDetail], [fkAccountTypeID], [AccountCode], [AccountFirmCode], [fkVillageID], [AccountName], [AccountNameHindi], [AccountMobileNo], [AccountPhoneNo], [AccountAddress1], [AccountAddress2], [AccountCity], [AccountState], [AccountZip], [AccountPanNo], [IsShowonPage], [fkBranchID], [IsActive], [InsertDate], [ModifyDate], [CreatedBy], [ModifiedBy], [LicenceNo], [EmailID], [Sysdate], [fkBankAccountID], [fkAccountBankDetailID], [Remark]) VALUES (17, 1, N'Export Rate Difference', N'Export Rate Difference', N'Export Rate Difference', N'Export Rate Difference', 17, N'', N'', 1, N'Export Rate Difference', N'Export Rate Difference', N'1111111111', N'', N'', N'', N'', N'', N'', N'', N'', 0, N'1', CAST(0x0000A423000AB75C AS DateTime), CAST(0x0000A423000AB75C AS DateTime), 0, 0, NULL, NULL, CAST(0x0000ACE900C374F5 AS DateTime), NULL, NULL, NULL)
INSERT [dbo].[Accounts] ([AccountID], [AccountNo], [AccountFirmName], [AccountFirmNameHindi], [AccountSortName], [AccountHolderDetail], [fkAccountTypeID], [AccountCode], [AccountFirmCode], [fkVillageID], [AccountName], [AccountNameHindi], [AccountMobileNo], [AccountPhoneNo], [AccountAddress1], [AccountAddress2], [AccountCity], [AccountState], [AccountZip], [AccountPanNo], [IsShowonPage], [fkBranchID], [IsActive], [InsertDate], [ModifyDate], [CreatedBy], [ModifiedBy], [LicenceNo], [EmailID], [Sysdate], [fkBankAccountID], [fkAccountBankDetailID], [Remark]) VALUES (18, 1, N'Stationary Khata', N'Stationary Khata', N'Stationary Khata', N'Stationary Khata', 17, N'', N'', 1, N'Stationary Khata', N'Stationary Khata', N'1111111111', N'', N'', N'', N'', N'', N'', N'', N'', 0, N'1', CAST(0x0000A423000AB75C AS DateTime), CAST(0x0000A423000AB75C AS DateTime), 0, 0, NULL, NULL, CAST(0x0000ACE900C374F6 AS DateTime), NULL, NULL, NULL)
INSERT [dbo].[Accounts] ([AccountID], [AccountNo], [AccountFirmName], [AccountFirmNameHindi], [AccountSortName], [AccountHolderDetail], [fkAccountTypeID], [AccountCode], [AccountFirmCode], [fkVillageID], [AccountName], [AccountNameHindi], [AccountMobileNo], [AccountPhoneNo], [AccountAddress1], [AccountAddress2], [AccountCity], [AccountState], [AccountZip], [AccountPanNo], [IsShowonPage], [fkBranchID], [IsActive], [InsertDate], [ModifyDate], [CreatedBy], [ModifiedBy], [LicenceNo], [EmailID], [Sysdate], [fkBankAccountID], [fkAccountBankDetailID], [Remark]) VALUES (19, 1, N'Cash Sale', N'Cash Sale', N'Cash Sale', N'Cash Sale', 2, N'', N'', 1, N'Cash Sale', N'Cash Sale', N'1111111111', N'', N'', N'', N'', N'', N'', N'', N'', 0, N'1', CAST(0x0000A423000AB75C AS DateTime), CAST(0x0000A423000AB75C AS DateTime), 0, 0, NULL, NULL, CAST(0x0000ACE900C374F6 AS DateTime), NULL, NULL, NULL)
INSERT [dbo].[Accounts] ([AccountID], [AccountNo], [AccountFirmName], [AccountFirmNameHindi], [AccountSortName], [AccountHolderDetail], [fkAccountTypeID], [AccountCode], [AccountFirmCode], [fkVillageID], [AccountName], [AccountNameHindi], [AccountMobileNo], [AccountPhoneNo], [AccountAddress1], [AccountAddress2], [AccountCity], [AccountState], [AccountZip], [AccountPanNo], [IsShowonPage], [fkBranchID], [IsActive], [InsertDate], [ModifyDate], [CreatedBy], [ModifiedBy], [LicenceNo], [EmailID], [Sysdate], [fkBankAccountID], [fkAccountBankDetailID], [Remark]) VALUES (20, 1, N'Kharidi Bikri', N'Kharidi Bikri', N'Kharidi Bikri', N'Kharidi Bikri', 3, N'', N'', 1, N'Kharidi Bikri', N'Kharidi Bikri', N'1111111111', N'', N'', N'', N'', N'', N'', N'', N'', 0, N'1', CAST(0x0000A423000AB75C AS DateTime), CAST(0x0000A423000AB75C AS DateTime), 0, 0, NULL, NULL, CAST(0x0000ACE900C374F6 AS DateTime), NULL, NULL, NULL)
INSERT [dbo].[Accounts] ([AccountID], [AccountNo], [AccountFirmName], [AccountFirmNameHindi], [AccountSortName], [AccountHolderDetail], [fkAccountTypeID], [AccountCode], [AccountFirmCode], [fkVillageID], [AccountName], [AccountNameHindi], [AccountMobileNo], [AccountPhoneNo], [AccountAddress1], [AccountAddress2], [AccountCity], [AccountState], [AccountZip], [AccountPanNo], [IsShowonPage], [fkBranchID], [IsActive], [InsertDate], [ModifyDate], [CreatedBy], [ModifiedBy], [LicenceNo], [EmailID], [Sysdate], [fkBankAccountID], [fkAccountBankDetailID], [Remark]) VALUES (21, 1, N'Radhe krishna', N'Radhe krishna', N'Radhe krishna', N'Radhe krishna', 24, N'', N'', 1, N'Radhe krishna', N'Radhe krishna', N'1111111111', N'', N'', N'', N'', N'', N'', N'', N'', 0, N'1', CAST(0x0000A66900000000 AS DateTime), CAST(0x0000A66900000000 AS DateTime), 0, 0, NULL, NULL, CAST(0x0000ACE900C374F6 AS DateTime), NULL, NULL, NULL)
INSERT [dbo].[Accounts] ([AccountID], [AccountNo], [AccountFirmName], [AccountFirmNameHindi], [AccountSortName], [AccountHolderDetail], [fkAccountTypeID], [AccountCode], [AccountFirmCode], [fkVillageID], [AccountName], [AccountNameHindi], [AccountMobileNo], [AccountPhoneNo], [AccountAddress1], [AccountAddress2], [AccountCity], [AccountState], [AccountZip], [AccountPanNo], [IsShowonPage], [fkBranchID], [IsActive], [InsertDate], [ModifyDate], [CreatedBy], [ModifiedBy], [LicenceNo], [EmailID], [Sysdate], [fkBankAccountID], [fkAccountBankDetailID], [Remark]) VALUES (22, 1, N'Employee2', N'Employee2', N'Employee2', N'Employee2', 25, N'', N'', 1, N'Employee2', N'Employee2', N'1111111111', N'', N'', N'', N'', N'', N'', N'', N'', 0, N'1', CAST(0x0000A423000AB75C AS DateTime), CAST(0x0000A423000AB75C AS DateTime), 0, 0, NULL, NULL, CAST(0x0000ACE900C374F6 AS DateTime), NULL, NULL, NULL)
INSERT [dbo].[Accounts] ([AccountID], [AccountNo], [AccountFirmName], [AccountFirmNameHindi], [AccountSortName], [AccountHolderDetail], [fkAccountTypeID], [AccountCode], [AccountFirmCode], [fkVillageID], [AccountName], [AccountNameHindi], [AccountMobileNo], [AccountPhoneNo], [AccountAddress1], [AccountAddress2], [AccountCity], [AccountState], [AccountZip], [AccountPanNo], [IsShowonPage], [fkBranchID], [IsActive], [InsertDate], [ModifyDate], [CreatedBy], [ModifiedBy], [LicenceNo], [EmailID], [Sysdate], [fkBankAccountID], [fkAccountBankDetailID], [Remark]) VALUES (23, 1, N'Employee3', N'Employee3', N'Employee3', N'Employee3', 25, N'', N'', 1, N'Employee3', N'Employee3', N'1111111111', N'', N'', N'', N'', N'', N'', N'', N'', 0, N'1', CAST(0x0000A423000AB75C AS DateTime), CAST(0x0000A423000AB75C AS DateTime), 0, 0, NULL, NULL, CAST(0x0000ACE900C374F6 AS DateTime), NULL, NULL, NULL)
INSERT [dbo].[Accounts] ([AccountID], [AccountNo], [AccountFirmName], [AccountFirmNameHindi], [AccountSortName], [AccountHolderDetail], [fkAccountTypeID], [AccountCode], [AccountFirmCode], [fkVillageID], [AccountName], [AccountNameHindi], [AccountMobileNo], [AccountPhoneNo], [AccountAddress1], [AccountAddress2], [AccountCity], [AccountState], [AccountZip], [AccountPanNo], [IsShowonPage], [fkBranchID], [IsActive], [InsertDate], [ModifyDate], [CreatedBy], [ModifiedBy], [LicenceNo], [EmailID], [Sysdate], [fkBankAccountID], [fkAccountBankDetailID], [Remark]) VALUES (24, 1, N'Rate Diff Sale', N'Rate Diff Sale', N'Rate Diff Sale', N'Rate Diff Sale', 17, N'', N'', 1, N'Rate Diff Sale', N'Rate Diff Sale', N'1111111111', N'', N'', N'', N'', N'', N'', N'', N'', 0, N'1', CAST(0x0000A60300000000 AS DateTime), CAST(0x0000A60300000000 AS DateTime), 0, 0, NULL, NULL, CAST(0x0000ACE900C374F6 AS DateTime), NULL, NULL, NULL)
INSERT [dbo].[Accounts] ([AccountID], [AccountNo], [AccountFirmName], [AccountFirmNameHindi], [AccountSortName], [AccountHolderDetail], [fkAccountTypeID], [AccountCode], [AccountFirmCode], [fkVillageID], [AccountName], [AccountNameHindi], [AccountMobileNo], [AccountPhoneNo], [AccountAddress1], [AccountAddress2], [AccountCity], [AccountState], [AccountZip], [AccountPanNo], [IsShowonPage], [fkBranchID], [IsActive], [InsertDate], [ModifyDate], [CreatedBy], [ModifiedBy], [LicenceNo], [EmailID], [Sysdate], [fkBankAccountID], [fkAccountBankDetailID], [Remark]) VALUES (25, 1, N'Rate Diff Purchase', N'Rate Diff Purchase', N'Rate Diff Purchase', N'Rate Diff Purchase', 17, N'', N'', 1, N'Rate Diff Purchase', N'Rate Diff Purchase', N'1111111111', N'', N'', N'', N'', N'', N'', N'', N'', 0, N'1', CAST(0x0000A60300000000 AS DateTime), CAST(0x0000A60300000000 AS DateTime), 0, 0, NULL, NULL, CAST(0x0000ACE900C374F6 AS DateTime), NULL, NULL, NULL)
INSERT [dbo].[Accounts] ([AccountID], [AccountNo], [AccountFirmName], [AccountFirmNameHindi], [AccountSortName], [AccountHolderDetail], [fkAccountTypeID], [AccountCode], [AccountFirmCode], [fkVillageID], [AccountName], [AccountNameHindi], [AccountMobileNo], [AccountPhoneNo], [AccountAddress1], [AccountAddress2], [AccountCity], [AccountState], [AccountZip], [AccountPanNo], [IsShowonPage], [fkBranchID], [IsActive], [InsertDate], [ModifyDate], [CreatedBy], [ModifiedBy], [LicenceNo], [EmailID], [Sysdate], [fkBankAccountID], [fkAccountBankDetailID], [Remark]) VALUES (26, 1, N'Export Diff Khata', N'Export Diff Khata', N'Export Diff Khata', N'Export Diff Khata', 17, N'', N'', 1, N'Export Diff Khata', N'Export Diff Khata', N'1111111111', N'', N'', N'', N'', N'', N'', N'', N'', 0, N'1', CAST(0x0000A60300000000 AS DateTime), CAST(0x0000A60300000000 AS DateTime), 0, 0, NULL, NULL, CAST(0x0000ACE900C374F6 AS DateTime), NULL, NULL, NULL)
INSERT [dbo].[Accounts] ([AccountID], [AccountNo], [AccountFirmName], [AccountFirmNameHindi], [AccountSortName], [AccountHolderDetail], [fkAccountTypeID], [AccountCode], [AccountFirmCode], [fkVillageID], [AccountName], [AccountNameHindi], [AccountMobileNo], [AccountPhoneNo], [AccountAddress1], [AccountAddress2], [AccountCity], [AccountState], [AccountZip], [AccountPanNo], [IsShowonPage], [fkBranchID], [IsActive], [InsertDate], [ModifyDate], [CreatedBy], [ModifiedBy], [LicenceNo], [EmailID], [Sysdate], [fkBankAccountID], [fkAccountBankDetailID], [Remark]) VALUES (27, 1, N'Mandi Sulk', N'Mandi Sulk', N'Mandi Sulk', N'Mandi Sulk', 17, N'', N'', 1, N'Mandi Sulk', N'Mandi Sulk', N'1111111111', N'', N'', N'', N'', N'', N'', N'', N'', 0, N'1', CAST(0x0000A60300000000 AS DateTime), CAST(0x0000A60300000000 AS DateTime), 0, 0, NULL, NULL, CAST(0x0000ACE900C374F6 AS DateTime), NULL, NULL, NULL)
INSERT [dbo].[Accounts] ([AccountID], [AccountNo], [AccountFirmName], [AccountFirmNameHindi], [AccountSortName], [AccountHolderDetail], [fkAccountTypeID], [AccountCode], [AccountFirmCode], [fkVillageID], [AccountName], [AccountNameHindi], [AccountMobileNo], [AccountPhoneNo], [AccountAddress1], [AccountAddress2], [AccountCity], [AccountState], [AccountZip], [AccountPanNo], [IsShowonPage], [fkBranchID], [IsActive], [InsertDate], [ModifyDate], [CreatedBy], [ModifiedBy], [LicenceNo], [EmailID], [Sysdate], [fkBankAccountID], [fkAccountBankDetailID], [Remark]) VALUES (28, 1, N'Hammali Export', N'Hammali Export', N'Hammali Export', N'Hammali Export', 17, N'', N'', 1, N'Hammali Export', N'Hammali Export', N'1111111111', N'', N'', N'', N'', N'', N'', N'', N'', 0, N'1', CAST(0x0000A60300000000 AS DateTime), CAST(0x0000A60300000000 AS DateTime), 0, 0, NULL, NULL, CAST(0x0000ACE900C374F7 AS DateTime), NULL, NULL, NULL)
INSERT [dbo].[Accounts] ([AccountID], [AccountNo], [AccountFirmName], [AccountFirmNameHindi], [AccountSortName], [AccountHolderDetail], [fkAccountTypeID], [AccountCode], [AccountFirmCode], [fkVillageID], [AccountName], [AccountNameHindi], [AccountMobileNo], [AccountPhoneNo], [AccountAddress1], [AccountAddress2], [AccountCity], [AccountState], [AccountZip], [AccountPanNo], [IsShowonPage], [fkBranchID], [IsActive], [InsertDate], [ModifyDate], [CreatedBy], [ModifiedBy], [LicenceNo], [EmailID], [Sysdate], [fkBankAccountID], [fkAccountBankDetailID], [Remark]) VALUES (29, 1, N'Daily cash diff', N'Daily cash diff', N'Daily cash diff', N'Daily cash diff', 17, N'', N'', 1, N'Daily cash diff', N'Daily cash diff', N'1111111111', N'', N'', N'', N'', N'', N'', N'', N'', 0, N'1', CAST(0x0000A60300000000 AS DateTime), CAST(0x0000A60300000000 AS DateTime), 0, 0, NULL, NULL, CAST(0x0000ACE900C374F7 AS DateTime), NULL, NULL, NULL)
INSERT [dbo].[Accounts] ([AccountID], [AccountNo], [AccountFirmName], [AccountFirmNameHindi], [AccountSortName], [AccountHolderDetail], [fkAccountTypeID], [AccountCode], [AccountFirmCode], [fkVillageID], [AccountName], [AccountNameHindi], [AccountMobileNo], [AccountPhoneNo], [AccountAddress1], [AccountAddress2], [AccountCity], [AccountState], [AccountZip], [AccountPanNo], [IsShowonPage], [fkBranchID], [IsActive], [InsertDate], [ModifyDate], [CreatedBy], [ModifiedBy], [LicenceNo], [EmailID], [Sysdate], [fkBankAccountID], [fkAccountBankDetailID], [Remark]) VALUES (30, 1, N'Batao', N'Batao', N'Batao', N'Batao', 12, N'', N'', 1, N'Batao', N'Batao', N'1111111111', N'', N'', N'', N'', N'', N'', N'', N'', 0, N'1', CAST(0x0000A60300000000 AS DateTime), CAST(0x0000A60300000000 AS DateTime), 0, 0, NULL, NULL, CAST(0x0000ACE900C374F7 AS DateTime), NULL, NULL, NULL)
INSERT [dbo].[Accounts] ([AccountID], [AccountNo], [AccountFirmName], [AccountFirmNameHindi], [AccountSortName], [AccountHolderDetail], [fkAccountTypeID], [AccountCode], [AccountFirmCode], [fkVillageID], [AccountName], [AccountNameHindi], [AccountMobileNo], [AccountPhoneNo], [AccountAddress1], [AccountAddress2], [AccountCity], [AccountState], [AccountZip], [AccountPanNo], [IsShowonPage], [fkBranchID], [IsActive], [InsertDate], [ModifyDate], [CreatedBy], [ModifiedBy], [LicenceNo], [EmailID], [Sysdate], [fkBankAccountID], [fkAccountBankDetailID], [Remark]) VALUES (31, 1, N'Bharai', N'Bharai', N'Bharai', N'Bharai', 24, N'', N'', 1, N'Bharai', N'Bharai', N'1111111111', N'', N'', N'', N'', N'', N'', N'', N'', 0, N'1', CAST(0x0000A66900000000 AS DateTime), CAST(0x0000A66900000000 AS DateTime), 0, 0, NULL, NULL, CAST(0x0000ACE900C374F7 AS DateTime), NULL, NULL, NULL)
INSERT [dbo].[Accounts] ([AccountID], [AccountNo], [AccountFirmName], [AccountFirmNameHindi], [AccountSortName], [AccountHolderDetail], [fkAccountTypeID], [AccountCode], [AccountFirmCode], [fkVillageID], [AccountName], [AccountNameHindi], [AccountMobileNo], [AccountPhoneNo], [AccountAddress1], [AccountAddress2], [AccountCity], [AccountState], [AccountZip], [AccountPanNo], [IsShowonPage], [fkBranchID], [IsActive], [InsertDate], [ModifyDate], [CreatedBy], [ModifiedBy], [LicenceNo], [EmailID], [Sysdate], [fkBankAccountID], [fkAccountBankDetailID], [Remark]) VALUES (32, 1, N'Maidan Hammali', N'Maidan Hammali', N'Maidan Hammali', N'Maidan Hammali', 25, N'', N'', 1, N'Maidan Hammali', N'Maidan Hammali', N'1111111111', N'', N'', N'', N'', N'', N'', N'', N'', 0, N'1', CAST(0x0000A423000AB75C AS DateTime), CAST(0x0000A423000AB75C AS DateTime), 0, 0, NULL, NULL, CAST(0x0000ACE900C374F7 AS DateTime), NULL, NULL, NULL)
INSERT [dbo].[Accounts] ([AccountID], [AccountNo], [AccountFirmName], [AccountFirmNameHindi], [AccountSortName], [AccountHolderDetail], [fkAccountTypeID], [AccountCode], [AccountFirmCode], [fkVillageID], [AccountName], [AccountNameHindi], [AccountMobileNo], [AccountPhoneNo], [AccountAddress1], [AccountAddress2], [AccountCity], [AccountState], [AccountZip], [AccountPanNo], [IsShowonPage], [fkBranchID], [IsActive], [InsertDate], [ModifyDate], [CreatedBy], [ModifiedBy], [LicenceNo], [EmailID], [Sysdate], [fkBankAccountID], [fkAccountBankDetailID], [Remark]) VALUES (33, 1, N'Motor Bhada', N'Motor Bhada', N'Motor Bhada', N'Motor Bhada', 25, N'', N'', 1, N'Motor Bhada', N'Motor Bhada', N'1111111111', N'', N'', N'', N'', N'', N'', N'', N'', 0, N'1', CAST(0x0000A423000AB75C AS DateTime), CAST(0x0000A423000AB75C AS DateTime), 0, 0, NULL, NULL, CAST(0x0000ACE900C374F7 AS DateTime), NULL, NULL, NULL)
INSERT [dbo].[Accounts] ([AccountID], [AccountNo], [AccountFirmName], [AccountFirmNameHindi], [AccountSortName], [AccountHolderDetail], [fkAccountTypeID], [AccountCode], [AccountFirmCode], [fkVillageID], [AccountName], [AccountNameHindi], [AccountMobileNo], [AccountPhoneNo], [AccountAddress1], [AccountAddress2], [AccountCity], [AccountState], [AccountZip], [AccountPanNo], [IsShowonPage], [fkBranchID], [IsActive], [InsertDate], [ModifyDate], [CreatedBy], [ModifiedBy], [LicenceNo], [EmailID], [Sysdate], [fkBankAccountID], [fkAccountBankDetailID], [Remark]) VALUES (34, 1, N'Pala Karai', N'Pala Karai', N'Pala Karai', N'Pala Karai', 17, N'', N'', 1, N'Pala Karai', N'Pala Karai', N'1111111111', N'', N'', N'', N'', N'', N'', N'', N'', 0, N'1', CAST(0x0000A60300000000 AS DateTime), CAST(0x0000A60300000000 AS DateTime), 0, 0, NULL, NULL, CAST(0x0000ACE900C374F7 AS DateTime), NULL, NULL, NULL)
INSERT [dbo].[Accounts] ([AccountID], [AccountNo], [AccountFirmName], [AccountFirmNameHindi], [AccountSortName], [AccountHolderDetail], [fkAccountTypeID], [AccountCode], [AccountFirmCode], [fkVillageID], [AccountName], [AccountNameHindi], [AccountMobileNo], [AccountPhoneNo], [AccountAddress1], [AccountAddress2], [AccountCity], [AccountState], [AccountZip], [AccountPanNo], [IsShowonPage], [fkBranchID], [IsActive], [InsertDate], [ModifyDate], [CreatedBy], [ModifiedBy], [LicenceNo], [EmailID], [Sysdate], [fkBankAccountID], [fkAccountBankDetailID], [Remark]) VALUES (35, 1, N'Bardan', N'Bardan', N'Bardan', N'Bardan', 17, N'', N'', 1, N'Bardan', N'Bardan', N'1111111111', N'', N'', N'', N'', N'', N'', N'', N'', 0, N'1', CAST(0x0000A60300000000 AS DateTime), CAST(0x0000A60300000000 AS DateTime), 0, 0, NULL, NULL, CAST(0x0000ACE900C374F7 AS DateTime), NULL, NULL, NULL)
INSERT [dbo].[Accounts] ([AccountID], [AccountNo], [AccountFirmName], [AccountFirmNameHindi], [AccountSortName], [AccountHolderDetail], [fkAccountTypeID], [AccountCode], [AccountFirmCode], [fkVillageID], [AccountName], [AccountNameHindi], [AccountMobileNo], [AccountPhoneNo], [AccountAddress1], [AccountAddress2], [AccountCity], [AccountState], [AccountZip], [AccountPanNo], [IsShowonPage], [fkBranchID], [IsActive], [InsertDate], [ModifyDate], [CreatedBy], [ModifiedBy], [LicenceNo], [EmailID], [Sysdate], [fkBankAccountID], [fkAccountBankDetailID], [Remark]) VALUES (36, 1, N'Thela Bhada', N'Thela Bhada', N'Thela Bhada', N'Thela Bhada', 17, N'', N'', 1, N'Thela Bhada', N'Thela Bhada', N'1111111111', N'', N'', N'', N'', N'', N'', N'', N'', 0, N'1', CAST(0x0000A60300000000 AS DateTime), CAST(0x0000A60300000000 AS DateTime), 0, 0, NULL, NULL, CAST(0x0000ACE900C374F7 AS DateTime), NULL, NULL, NULL)
INSERT [dbo].[Accounts] ([AccountID], [AccountNo], [AccountFirmName], [AccountFirmNameHindi], [AccountSortName], [AccountHolderDetail], [fkAccountTypeID], [AccountCode], [AccountFirmCode], [fkVillageID], [AccountName], [AccountNameHindi], [AccountMobileNo], [AccountPhoneNo], [AccountAddress1], [AccountAddress2], [AccountCity], [AccountState], [AccountZip], [AccountPanNo], [IsShowonPage], [fkBranchID], [IsActive], [InsertDate], [ModifyDate], [CreatedBy], [ModifiedBy], [LicenceNo], [EmailID], [Sysdate], [fkBankAccountID], [fkAccountBankDetailID], [Remark]) VALUES (37, 1, N'Other Exp', N'Other Exp', N'Other Exp', N'Other Exp', 17, N'', N'', 1, N'Other Exp', N'Other Exp', N'1111111111', N'', N'', N'', N'', N'', N'', N'', N'', 0, N'1', CAST(0x0000A60300000000 AS DateTime), CAST(0x0000A60300000000 AS DateTime), 0, 0, NULL, NULL, CAST(0x0000ACE900C374F7 AS DateTime), NULL, NULL, NULL)
INSERT [dbo].[Accounts] ([AccountID], [AccountNo], [AccountFirmName], [AccountFirmNameHindi], [AccountSortName], [AccountHolderDetail], [fkAccountTypeID], [AccountCode], [AccountFirmCode], [fkVillageID], [AccountName], [AccountNameHindi], [AccountMobileNo], [AccountPhoneNo], [AccountAddress1], [AccountAddress2], [AccountCity], [AccountState], [AccountZip], [AccountPanNo], [IsShowonPage], [fkBranchID], [IsActive], [InsertDate], [ModifyDate], [CreatedBy], [ModifiedBy], [LicenceNo], [EmailID], [Sysdate], [fkBankAccountID], [fkAccountBankDetailID], [Remark]) VALUES (38, 1, N'Tulai', N'Tulai', N'Tulai', N'Tulai', 17, N'', N'', 1, N'Tulai', N'Tulai', N'1111111111', N'', N'', N'', N'', N'', N'', N'', N'', 0, N'1', CAST(0x0000A60300000000 AS DateTime), CAST(0x0000A60300000000 AS DateTime), 0, 0, NULL, NULL, CAST(0x0000ACE900C374F7 AS DateTime), NULL, NULL, NULL)
INSERT [dbo].[Accounts] ([AccountID], [AccountNo], [AccountFirmName], [AccountFirmNameHindi], [AccountSortName], [AccountHolderDetail], [fkAccountTypeID], [AccountCode], [AccountFirmCode], [fkVillageID], [AccountName], [AccountNameHindi], [AccountMobileNo], [AccountPhoneNo], [AccountAddress1], [AccountAddress2], [AccountCity], [AccountState], [AccountZip], [AccountPanNo], [IsShowonPage], [fkBranchID], [IsActive], [InsertDate], [ModifyDate], [CreatedBy], [ModifiedBy], [LicenceNo], [EmailID], [Sysdate], [fkBankAccountID], [fkAccountBankDetailID], [Remark]) VALUES (39, 1, N'Khadi Karai', N'Khadi Karai', N'Khadi Karai', N'Khadi Karai', 17, N'', N'', 1, N'Khadi Karai', N'Khadi Karai', N'1111111111', N'', N'', N'', N'', N'', N'', N'', N'', 0, N'1', CAST(0x0000A60300000000 AS DateTime), CAST(0x0000A60300000000 AS DateTime), 0, 0, NULL, NULL, CAST(0x0000ACE900C374F8 AS DateTime), NULL, NULL, NULL)
INSERT [dbo].[Accounts] ([AccountID], [AccountNo], [AccountFirmName], [AccountFirmNameHindi], [AccountSortName], [AccountHolderDetail], [fkAccountTypeID], [AccountCode], [AccountFirmCode], [fkVillageID], [AccountName], [AccountNameHindi], [AccountMobileNo], [AccountPhoneNo], [AccountAddress1], [AccountAddress2], [AccountCity], [AccountState], [AccountZip], [AccountPanNo], [IsShowonPage], [fkBranchID], [IsActive], [InsertDate], [ModifyDate], [CreatedBy], [ModifiedBy], [LicenceNo], [EmailID], [Sysdate], [fkBankAccountID], [fkAccountBankDetailID], [Remark]) VALUES (40, 1, N'Exp Other 4', N'Exp Other 4', N'Exp Other 4', N'Exp Other 4', 12, N'', N'', 1, N'Exp Other 4', N'Exp Other 4', N'1111111111', N'', N'', N'', N'', N'', N'', N'', N'', 0, N'1', CAST(0x0000A60300000000 AS DateTime), CAST(0x0000A60300000000 AS DateTime), 0, 0, NULL, NULL, CAST(0x0000ACE900C374F8 AS DateTime), NULL, NULL, NULL)
SET IDENTITY_INSERT [dbo].[Accounts] OFF

end
update Configurations
set SaleCommission =0
	,RateParKiloGram =1
	,Stationary = 2

update 	dbo.ItemTypes
set PercentComission =3


update 	dbo.ItemUnits
set HammaliPerUnit =3,
TulaiPerUnit=2


update Accounts
set fkVillageID =1


update UserConfigs
set HardwareID = [dbo].[fnGetHardwareID] ()

END
